﻿use master
go
use QUANLYGIAIBONGDA
go
/* cập nhật thêm time ghi bàn, thay HLV trong HoSo thanh null và cho vào Update*/
--Nhập liệu


-- LOẠI THẺ PHẠT
INSERT INTO LoaiThePhat(MaThe, TenLoai)	VALUES	('T01', N'Vàng')
INSERT INTO LoaiThePhat(MaThe, TenLoai)	VALUES	('T02', N'Đỏ')

-- LOẠI BẰNG CẤP
INSERT INTO LoaiBangCap(MaBC, TenBC)	VALUES	('B01', N'Nghiệp dư')
INSERT INTO LoaiBangCap(MaBC, TenBC)	VALUES	('B02', N'Chuyên nghiệp')
INSERT INTO LoaiBangCap(MaBC, TenBC)	VALUES	('B03', N'Huyền thoại')

-- TRỌNG TÀI
/*1*/INSERT INTO TrongTai(MaTrongTai, TenTrongTai, NgaySinh, GioiTinh, BangCap)	VALUES	('TT00001', N'Dương Minh Trí', '03-21-1978', N'Nam', 'B02')	
/*2*/INSERT INTO TrongTai(MaTrongTai, TenTrongTai, NgaySinh, GioiTinh, BangCap)	VALUES	('TT00002', N'Howard Webb', '03-13-1970', N'Nam', 'B02')
/*3*/INSERT INTO TrongTai(MaTrongTai, TenTrongTai, NgaySinh, GioiTinh, BangCap)	VALUES	('TT00003', N'Martin Atkinson', '03-31-1971', N'Nam', 'B02')
/*4*/INSERT INTO TrongTai(MaTrongTai, TenTrongTai, NgaySinh, GioiTinh, BangCap)	VALUES	('TT00004', N'Halis Ozkahya', '05-30-1980', N'Nam', 'B01')
/*5*/INSERT INTO TrongTai(MaTrongTai, TenTrongTai, NgaySinh, GioiTinh, BangCap)	VALUES	('TT00005', N'Kateryna Monzul', '07-05-1981', N'Nam', 'B01')
/*6*/INSERT INTO TrongTai(MaTrongTai, TenTrongTai, NgaySinh, GioiTinh, BangCap)	VALUES	('TT00006', N'Pavel Kralovec', '08-16-1977', N'Nam', 'B03')
/*7*/INSERT INTO TrongTai(MaTrongTai, TenTrongTai, NgaySinh, GioiTinh, BangCap)	VALUES	('TT00007', N'Fahad Al Mirdasi', '08-16-1985', N'Nam', 'B03')
/*8*/INSERT INTO TrongTai(MaTrongTai, TenTrongTai, NgaySinh, GioiTinh, BangCap)	VALUES	('TT00008', N'Roberto Garcia', '10-24-1974', N'Nam', 'B02')
/*9*/INSERT INTO TrongTai(MaTrongTai, TenTrongTai, NgaySinh, GioiTinh, BangCap)	VALUES	('TT00009', N'Istvan Vad', '05-30-1979', N'Nam', 'B02')
/*10*/INSERT INTO TrongTai(MaTrongTai, TenTrongTai, NgaySinh, GioiTinh, BangCap) VALUES	 ('TT00010', N'Ravshan Irmatov', '09-08-1977', N'Nam', 'B03')	

-- HỒ SƠ ĐỘI BÓNG (ĐỘI TRƯỞNG = NULL, SÂN VẬN ĐỘNG = NULL)
/*1*/INSERT INTO HoSoDoiBong(MaDoi, TenDoi, NamThanhLap, SanVanDong, ChuTich, HuanLuyenVien, DoiTruong,DiaChi,SoDienThoai,Logo)	
		VALUES	('DB00001', N'Becamex Bình Dương', '2005', NULL, N'Nguyễn Hoàng Duy', NULL,NULL,N'Địa chỉ 1','SDT1',NULL)
/*2*/INSERT INTO HoSoDoiBong(MaDoi, TenDoi, NamThanhLap, SanVanDong, ChuTich, HuanLuyenVien, DoiTruong,DiaChi,SoDienThoai,Logo)	
		VALUES	('DB00002', N'Đồng Tháp', '2007', NULL,  N'Vũ Khánh Duy', NULL,NULL,N'Địa chỉ 2','SDT2',NULL)
/*3*/INSERT INTO HoSoDoiBong(MaDoi, TenDoi, NamThanhLap, SanVanDong, ChuTich, HuanLuyenVien, DoiTruong,DiaChi,SoDienThoai,Logo)	
		VALUES	('DB00003', N'XSKT Cần Thơ', '2002', NULL, N'Hà Nguyễn Thái Học', NULL,NULL,N'Địa chỉ 3','SDT3',NULL)
/*4*/INSERT INTO HoSoDoiBong(MaDoi, TenDoi, NamThanhLap, SanVanDong, ChuTich, HuanLuyenVien, DoiTruong,DiaChi,SoDienThoai,Logo)	
		VALUES	('DB00004', N'QNK Quảng Nam', '2009', NULL, N'Nguyễn Xuân Phúc', NULL,NULL,N'Địa chỉ 4','SDT4',NULL)
/*5*/INSERT INTO HoSoDoiBong(MaDoi, TenDoi, NamThanhLap, SanVanDong, ChuTich, HuanLuyenVien, DoiTruong,DiaChi,SoDienThoai,Logo)	
		VALUES	('DB00005', N'Đồng Nai', '2004', NULL, N'Hồ Phi Nhạn', NULL,NULL,N'Địa chỉ 5','SDT5',NULL)
/*6*/INSERT INTO HoSoDoiBong(MaDoi, TenDoi, NamThanhLap, SanVanDong, ChuTich, HuanLuyenVien, DoiTruong,DiaChi,SoDienThoai,Logo)	
		VALUES	('DB00006', N'Than Quảng Ninh', '2007', NULL, N'Thị Nhạn', NULL,NULL,N'Địa chỉ 6','SDT6',NULL)
/*7*/INSERT INTO HoSoDoiBong(MaDoi, TenDoi, NamThanhLap, SanVanDong, ChuTich, HuanLuyenVien, DoiTruong,DiaChi,SoDienThoai,Logo)	
		VALUES	('DB00007', N'Hà Nội T&T', '2010', NULL, N'Đỗ Quang Hiển', NULL,NULL,N'Địa chỉ 7','SDT7',NULL)
/*8*/INSERT INTO HoSoDoiBong(MaDoi, TenDoi, NamThanhLap, SanVanDong, ChuTich, HuanLuyenVien, DoiTruong,DiaChi,SoDienThoai,Logo)	
		VALUES	('DB00008', N'Đồng Tâm Long An', '2007', NULL, N'Huỳnh Long Hồ', NULL,NULL,N'Địa chỉ 8','SDT8',NULL)
/*9*/INSERT INTO HoSoDoiBong(MaDoi, TenDoi, NamThanhLap, SanVanDong, ChuTich, HuanLuyenVien, DoiTruong,DiaChi,SoDienThoai,Logo)	
		VALUES	('DB00009', N'Sông Lam Nghệ An', '2009', NULL, N'Trần Văn Toàn', NULL,NULL,N'Địa chỉ 9','SDT9',NULL)
/*10*/INSERT INTO HoSoDoiBong(MaDoi, TenDoi, NamThanhLap, SanVanDong, ChuTich, HuanLuyenVien, DoiTruong,DiaChi,SoDienThoai,Logo) 
		VALUES	('DB00010', N'Hải Phòng', '2007', NULL, N'Châu Gia Kiệt', NULL,NULL,N'Địa chỉ 10','SDT10',NULL)
/*11*/INSERT INTO HoSoDoiBong(MaDoi, TenDoi, NamThanhLap, SanVanDong, ChuTich, HuanLuyenVien, DoiTruong,DiaChi,SoDienThoai,Logo) 
		VALUES	('DB00011', N'Khánh Hòa', '2009', NULL, N'Phan Thanh Nhân', NULL,NULL,N'Địa chỉ 11','SDT11',NULL)
/*12*/INSERT INTO HoSoDoiBong(MaDoi, TenDoi, NamThanhLap, SanVanDong, ChuTich, HuanLuyenVien, DoiTruong,DiaChi,SoDienThoai,Logo) 
		VALUES	('DB00012', N'Thanh Hóa', '2007', NULL, N'Lê Trọng Trí', NULL,NULL,N'Địa chỉ 12','SDT12',NULL)
/*13*/INSERT INTO HoSoDoiBong(MaDoi, TenDoi, NamThanhLap, SanVanDong, ChuTich, HuanLuyenVien, DoiTruong,DiaChi,SoDienThoai,Logo) 
		VALUES	('DB00013', N'SHB Đà Nẵng', '2009', NULL, N'Đỗ Quang Hiển', NULL,NULL,N'Địa chỉ 13','SDT13',NULL)
/*14*/INSERT INTO HoSoDoiBong(MaDoi, TenDoi, NamThanhLap, SanVanDong, ChuTich, HuanLuyenVien, DoiTruong,DiaChi,SoDienThoai,Logo) 
		VALUES	('DB00014', N'Hoàng Anh Gia Lai', '2009', NULL, N'Đoàn Nguyên Việt Nam', NULL,NULL,N'Địa chỉ 14','SDT14',NULL)
-- HUẤN LUYỆN VIÊN
/*1*/INSERT INTO HuanLuyenVien(MaHLV, TenHLV, NgaySinh, GioiTinh, DoiBong, TroLy)	VALUES	('C000001', N'José Mourinho', '01-26-1963', N'Nam', 'DB00001', N'Jose Morais')
/*2*/INSERT INTO HuanLuyenVien(MaHLV, TenHLV, NgaySinh, GioiTinh, DoiBong, TroLy)	VALUES	('C000002', N'Louis Van Gaal', '08-08-1951', N'Nam', 'DB00002', N'Ryan Giggs')
/*3*/INSERT INTO HuanLuyenVien(MaHLV, TenHLV, NgaySinh, GioiTinh, DoiBong, TroLy)	VALUES	('C000004', N'Luis Enrique', '05-08-1970', N'Nam', 'DB00004', N'Juan Carlos Unzue')
/*4*/INSERT INTO HuanLuyenVien(MaHLV, TenHLV, NgaySinh, GioiTinh, DoiBong, TroLy)	VALUES	('C000005', N'Rafael Benitez', '04-16-1960', N'Nam', 'DB00005', N'Zinedine Zidane')
/*5*/INSERT INTO HuanLuyenVien(MaHLV, TenHLV, NgaySinh, GioiTinh, DoiBong, TroLy)	VALUES	('C000006', N'Josep Guardiola', '01-18-1971', N'Nam', 'DB00006', N'Raul Gonzalez')
/*6*/INSERT INTO HuanLuyenVien(MaHLV, TenHLV, NgaySinh, GioiTinh, DoiBong, TroLy)	VALUES	('C000007', N'Massimiliano Allegri', '08-11-1967', N'Nam', 'DB00007', N'Marco Landucci')
/*7*/INSERT INTO HuanLuyenVien(MaHLV, TenHLV, NgaySinh, GioiTinh, DoiBong, TroLy)	VALUES	('C000008', N'Lê Huỳnh Việt Nam', '09-16-1971', N'Nam', 'DB00008', N'Brian Kidd')
/*8*/INSERT INTO HuanLuyenVien(MaHLV, TenHLV, NgaySinh, GioiTinh, DoiBong, TroLy)	VALUES	('C000009', N'Nguyễn Văn Sĩ', '09-16-1953', N'Nam', 'DB00009', N'Fanchesco Totti')
/*9*/INSERT INTO HuanLuyenVien(MaHLV, TenHLV, NgaySinh, GioiTinh, DoiBong, TroLy)	VALUES	('C000010', N'Đinh Cao Nghĩa', '10-24-1974', N'Nam', 'DB00011', N'Maldini')
/*10*/INSERT INTO HuanLuyenVien(MaHLV, TenHLV, NgaySinh, GioiTinh, DoiBong, TroLy)	VALUES	('C000011', N'Dylan Keer', '05-30-1980', N'Nam', 'DB00012', N'Beckham')
/*11*/INSERT INTO HuanLuyenVien(MaHLV, TenHLV, NgaySinh, GioiTinh, DoiBong, TroLy)	VALUES	('C000012', N'Mai Việt Nam Chung', '09-16-1953', N'Nam', 'DB00013', N'Ronaldo')
/*12*/INSERT INTO HuanLuyenVien(MaHLV, TenHLV, NgaySinh, GioiTinh, DoiBong, TroLy)	VALUES	('C000013', N'Nguyễn Hữu Thắng	', '09-16-1953', N'Nam', 'DB00014', N'Kaka')
/*13*/INSERT INTO HuanLuyenVien(MaHLV, TenHLV, NgaySinh, GioiTinh, DoiBong, TroLy)	VALUES	('C000014', N'Vũ Quang Bảo', '02-26-1953', N'Nam', 'DB00010', N'Dida')
/*14*/INSERT INTO HuanLuyenVien(MaHLV, TenHLV, NgaySinh, GioiTinh, DoiBong, TroLy)	VALUES	('C000003', N'Trần Bình Sự', '06-08-1977', N'Nam', 'DB00003', N'Nguyễn Văn Hến')
/*14*/INSERT INTO HuanLuyenVien(MaHLV, TenHLV, NgaySinh, GioiTinh, DoiBong, TroLy)	VALUES	('C000016', N'HLV Test 16', '06-08-1977', N'Nam', NULL, N'Nguyễn Văn Hến')
/*14*/INSERT INTO HuanLuyenVien(MaHLV, TenHLV, NgaySinh, GioiTinh, DoiBong, TroLy)	VALUES	('C000017', N'HLV Test 17', '06-08-1977', N'Nam', NULL, N'Nguyễn Văn Hến')
--VỊ TRÍ
INSERT INTO ViTri(MaVT, TenVT) VALUES	(1, N'Thủ môn')
INSERT INTO ViTri(MaVT, TenVT) VALUES	(2, N'Hậu vệ')	
INSERT INTO ViTri(MaVT, TenVT) VALUES	(3, N'Tiền vệ')
INSERT INTO ViTri(MaVT, TenVT) VALUES	(4, N'Tiền đạo')

-- DANH SÁCH CẦU THỦ

--1 Becamex Bình Dương
INSERT INTO DanhSachCauThu(MaCauThu, SoAo, HoTen, QuocTich, ViTri, NgaySinh, DoiBong,ChieuCao,CanNang,AnhDaiDien)	VALUES	(1, 26, N' Bùi Tấn Trường', N'Việt Nam', 1, '03-17-1980', 'DB00001',1.73,65,NULL)
INSERT INTO DanhSachCauThu(MaCauThu, SoAo, HoTen, QuocTich, ViTri, NgaySinh, DoiBong,ChieuCao,CanNang,AnhDaiDien)	VALUES	(2, 1, N'Trần Đức Cường', N'Việt Nam', 2, '06-25-1982', 'DB00001',1.73,65,NULL)
INSERT INTO DanhSachCauThu(MaCauThu, SoAo, HoTen, QuocTich, ViTri, NgaySinh, DoiBong,ChieuCao,CanNang,AnhDaiDien)	VALUES	(3, 2, N'Nguyễn Quốc Thiện', N'Việt Nam', 2, '01-09-1986', 'DB00001',1.73,65,NULL)
INSERT INTO DanhSachCauThu(MaCauThu, SoAo, HoTen, QuocTich, ViTri, NgaySinh, DoiBong,ChieuCao,CanNang,AnhDaiDien)	VALUES	(4, 3, N'Phan Văn Long', N'Việt Nam', 2, '09-06-1980', 'DB00001',1.73,65,NULL)
INSERT INTO DanhSachCauThu(MaCauThu, SoAo, HoTen, QuocTich, ViTri, NgaySinh, DoiBong,ChieuCao,CanNang,AnhDaiDien)	VALUES	(5, 4, N'Nguyễn Michal', N'Việt Nam', 2, '09-06-1980', 'DB00001',1.73,65,NULL)
INSERT INTO DanhSachCauThu(MaCauThu, SoAo, HoTen, QuocTich, ViTri, NgaySinh, DoiBong,ChieuCao,CanNang,AnhDaiDien)	VALUES	(6, 5, N'Nguyễn Xuân Luân', N'Việt Nam', 2, '09-06-1980', 'DB00001',1.73,65,NULL)
INSERT INTO DanhSachCauThu(MaCauThu, SoAo, HoTen, QuocTich, ViTri, NgaySinh, DoiBong,ChieuCao,CanNang,AnhDaiDien)	VALUES	(7, 6, N'Đặng Văn Robert', N'Việt Nam', 2, '01-09-1986', 'DB00001',1.73,65,NULL)
INSERT INTO DanhSachCauThu(MaCauThu, SoAo, HoTen, QuocTich, ViTri, NgaySinh, DoiBong,ChieuCao,CanNang,AnhDaiDien)	VALUES	(8, 7, N'Mai Tiến Thành', N'Việt Nam', 2, '07-14-1985', 'DB00001',1.73,65,NULL)
INSERT INTO DanhSachCauThu(MaCauThu, SoAo, HoTen, QuocTich, ViTri, NgaySinh, DoiBong,ChieuCao,CanNang,AnhDaiDien)	VALUES	(9, 8, N'Ng.Trọng Hoàng', N'Việt Nam', 4, '09-26-1994', 'DB00001',1.73,65,NULL)
INSERT INTO DanhSachCauThu(MaCauThu, SoAo, HoTen, QuocTich, ViTri, NgaySinh, DoiBong,ChieuCao,CanNang,AnhDaiDien)	VALUES	(10, 9, N'Trần Duy Khánh', N'Việt Nam', 4, '12-28-1990', 'DB00001',1.73,65,NULL)
INSERT INTO DanhSachCauThu(MaCauThu, SoAo, HoTen, QuocTich, ViTri, NgaySinh, DoiBong,ChieuCao,CanNang,AnhDaiDien)	VALUES	(12, 11, N'Nguyễn Anh Đức', N'Việt Nam', 4, '01-09-1986', 'DB00001',1.73,65,NULL)
INSERT INTO DanhSachCauThu(MaCauThu, SoAo, HoTen, QuocTich, ViTri, NgaySinh, DoiBong,ChieuCao,CanNang,AnhDaiDien)	VALUES	(13, 12, N'Nguyễn Tiến Linh', N'Việt Nam', 4, '09-06-1980', 'DB00001',1.73,65,NULL)
INSERT INTO DanhSachCauThu(MaCauThu, SoAo, HoTen, QuocTich, ViTri, NgaySinh, DoiBong,ChieuCao,CanNang,AnhDaiDien)	VALUES	(14, 13, N'Nguyễn Trọng Huy', N'Việt Nam', 4, '12-28-1990', 'DB00001',1.73,65,NULL)
INSERT INTO DanhSachCauThu(MaCauThu, SoAo, HoTen, QuocTich, ViTri, NgaySinh, DoiBong,ChieuCao,CanNang,AnhDaiDien)	VALUES	(15, 14, N'Nguyễn Trung Tín', N'Việt Nam', 3, '12-28-1990', 'DB00001',1.73,65,NULL)
INSERT INTO DanhSachCauThu(MaCauThu, SoAo, HoTen, QuocTich, ViTri, NgaySinh, DoiBong,ChieuCao,CanNang,AnhDaiDien)	VALUES	(16, 15, N'Oloya Moses', N'Laos', 3, '01-09-1986', 'DB00001',1.73,65,NULL)
INSERT INTO DanhSachCauThu(MaCauThu, SoAo, HoTen, QuocTich, ViTri, NgaySinh, DoiBong,ChieuCao,CanNang,AnhDaiDien)	VALUES	(17, 16, N'Trịnh Quang Vinh', N'Việt Nam', 3, '12-28-1990', 'DB00001',1.73,65,NULL)
INSERT INTO DanhSachCauThu(MaCauThu, SoAo, HoTen, QuocTich, ViTri, NgaySinh, DoiBong,ChieuCao,CanNang,AnhDaiDien)	VALUES	(18, 17, N'Trương Huỳnh Phú', N'Việt Nam', 3, '12-28-1990', 'DB00001',1.73,65,NULL)
INSERT INTO DanhSachCauThu(MaCauThu, SoAo, HoTen, QuocTich, ViTri, NgaySinh, DoiBong,ChieuCao,CanNang,AnhDaiDien)	VALUES	(19, 18, N'Lê Công Vinh', N'Việt Nam', 3, '12-28-1990', 'DB00001',1.73,65,NULL)
INSERT INTO DanhSachCauThu(MaCauThu, SoAo, HoTen, QuocTich, ViTri, NgaySinh, DoiBong,ChieuCao,CanNang,AnhDaiDien)	VALUES	(20, 19, N'Han Seung Yeop', N'Hàn Quốc', 3, '06-25-1982', 'DB00001',1.73,65,NULL)
INSERT INTO DanhSachCauThu(MaCauThu, SoAo, HoTen, QuocTich, ViTri, NgaySinh, DoiBong,ChieuCao,CanNang,AnhDaiDien)	VALUES	(21, 20, N'Trần Minh Quang', N'Việt Nam', 3, '12-28-1990', 'DB00001',1.73,65,NULL)
INSERT INTO DanhSachCauThu(MaCauThu, SoAo, HoTen, QuocTich, ViTri, NgaySinh, DoiBong,ChieuCao,CanNang,AnhDaiDien)	VALUES	(22, 27, N'Nguyễn Thanh Quang', N'Việt Nam', 1, '03-17-1980', 'DB00001',1.73,65,NULL)

--2 Đồng Tháp
INSERT INTO DanhSachCauThu(MaCauThu, SoAo, HoTen, QuocTich, ViTri, NgaySinh, DoiBong,ChieuCao,CanNang,AnhDaiDien)	VALUES	(23, 1, N'Trần Khoa Điển', N'Việt Nam', 1, '12-28-1990', 'DB00002',1.73,65,NULL)
INSERT INTO DanhSachCauThu(MaCauThu, SoAo, HoTen, QuocTich, ViTri, NgaySinh, DoiBong,ChieuCao,CanNang,AnhDaiDien)	VALUES	(24, 10, N'Hồ Trường Khang', N'Việt Nam', 4, '07-14-1985', 'DB00002',1.73,65,NULL)
INSERT INTO DanhSachCauThu(MaCauThu, SoAo, HoTen, QuocTich, ViTri, NgaySinh, DoiBong,ChieuCao,CanNang,AnhDaiDien)	VALUES	(25, 8, N'Hồ Phước Thạnh', N'Việt Nam', 1, '06-25-1982', 'DB00002',1.73,65,NULL)
INSERT INTO DanhSachCauThu(MaCauThu, SoAo, HoTen, QuocTich, ViTri, NgaySinh, DoiBong,ChieuCao,CanNang,AnhDaiDien)	VALUES	(26, 14, N'Lê Hải Anh', N'Việt Nam', 2, '06-25-1982', 'DB00002',1.73,65,NULL)
INSERT INTO DanhSachCauThu(MaCauThu, SoAo, HoTen, QuocTich, ViTri, NgaySinh, DoiBong,ChieuCao,CanNang,AnhDaiDien)	VALUES	(27, 22, N'Nguyễn Văn Ngân', N'Việt Nam', 2, '06-25-1982', 'DB00002',1.73,65,NULL)
INSERT INTO DanhSachCauThu(MaCauThu, SoAo, HoTen, QuocTich, ViTri, NgaySinh, DoiBong,ChieuCao,CanNang,AnhDaiDien)	VALUES	(28, 14, N'Hoàng Công Thuận', N'Việt Nam', 2, '07-14-1985', 'DB00002',1.73,65,NULL)
INSERT INTO DanhSachCauThu(MaCauThu, SoAo, HoTen, QuocTich, ViTri, NgaySinh, DoiBong,ChieuCao,CanNang,AnhDaiDien)	VALUES	(29, 74, N'Nguyễn Thiện Chí', N'Việt Nam',2, '06-25-1982', 'DB00002',1.73,65,NULL)
INSERT INTO DanhSachCauThu(MaCauThu, SoAo, HoTen, QuocTich, ViTri, NgaySinh, DoiBong,ChieuCao,CanNang,AnhDaiDien)	VALUES	(30, 52, N'Trần Quốc Anh', N'Việt Nam',3, '07-14-1985', 'DB00002',1.73,65,NULL)
INSERT INTO DanhSachCauThu(MaCauThu, SoAo, HoTen, QuocTich, ViTri, NgaySinh, DoiBong,ChieuCao,CanNang,AnhDaiDien)	VALUES	(31, 17, N'Thái Minh Thuận', N'Việt Nam', 3, '06-25-1982', 'DB00002',1.73,65,NULL)
INSERT INTO DanhSachCauThu(MaCauThu, SoAo, HoTen, QuocTich, ViTri, NgaySinh, DoiBong,ChieuCao,CanNang,AnhDaiDien)	VALUES	(32, 18, N'Nguyễn Minh Hưng', N'Việt Nam', 3, '04-30-1988', 'DB00002',1.73,65,NULL)
INSERT INTO DanhSachCauThu(MaCauThu, SoAo, HoTen, QuocTich, ViTri, NgaySinh, DoiBong,ChieuCao,CanNang,AnhDaiDien)	VALUES	(33, 19, N'Nguyễn Vĩnh Đức', N'Việt Nam', 3, '12-28-1982', 'DB00002',1.73,65,NULL)
INSERT INTO DanhSachCauThu(MaCauThu, SoAo, HoTen, QuocTich, ViTri, NgaySinh, DoiBong,ChieuCao,CanNang,AnhDaiDien)	VALUES	(34, 20, N'Lương Văn Được Em', N'Việt Nam', 3, '07-14-1985', 'DB00002',1.73,65,NULL)
INSERT INTO DanhSachCauThu(MaCauThu, SoAo, HoTen, QuocTich, ViTri, NgaySinh, DoiBong,ChieuCao,CanNang,AnhDaiDien)	VALUES	(35, 21, N'Bạch Đăng Khoa', N'Việt Nam', 3, '04-30-1988', 'DB00002',1.73,65,NULL)
INSERT INTO DanhSachCauThu(MaCauThu, SoAo, HoTen, QuocTich, ViTri, NgaySinh, DoiBong,ChieuCao,CanNang,AnhDaiDien)	VALUES	(36, 23, N'Nguyễn Công Thành', N'Việt Nam', 3, '07-14-1985', 'DB00002',1.73,65,NULL)
INSERT INTO DanhSachCauThu(MaCauThu, SoAo, HoTen, QuocTich, ViTri, NgaySinh, DoiBong,ChieuCao,CanNang,AnhDaiDien)	VALUES	(37, 24, N'Felix Gbenga Ajala', N'Nigeria', 3, '12-28-1982', 'DB00002',1.73,65,NULL)
INSERT INTO DanhSachCauThu(MaCauThu, SoAo, HoTen, QuocTich, ViTri, NgaySinh, DoiBong,ChieuCao,CanNang,AnhDaiDien)	VALUES	(38, 29, N'Nguyễn Thanh Hiền', N'Việt Nam', 4, '12-28-1982', 'DB00002',1.73,65,NULL)
INSERT INTO DanhSachCauThu(MaCauThu, SoAo, HoTen, QuocTich, ViTri, NgaySinh, DoiBong,ChieuCao,CanNang,AnhDaiDien)	VALUES	(39, 54, N'Samson Kpennosen', N'Nigeria', 4, '12-28-1982', 'DB00002',1.73,65,NULL)
INSERT INTO DanhSachCauThu(MaCauThu, SoAo, HoTen, QuocTich, ViTri, NgaySinh, DoiBong,ChieuCao,CanNang,AnhDaiDien)	VALUES	(40, 44, N'Nguyễn Văn Bước', N'Việt Nam',4, '04-30-1988', 'DB00002',1.73,65,NULL)
INSERT INTO DanhSachCauThu(MaCauThu, SoAo, HoTen, QuocTich, ViTri, NgaySinh, DoiBong,ChieuCao,CanNang,AnhDaiDien)	VALUES	(41, 69, N'Nguyễn Sơn Hải', N'Việt Nam', 4, '04-30-1988', 'DB00002',1.73,65,NULL)
INSERT INTO DanhSachCauThu(MaCauThu, SoAo, HoTen, QuocTich, ViTri, NgaySinh, DoiBong,ChieuCao,CanNang,AnhDaiDien)	VALUES	(42, 96, N'Nguyễn Văn Mộc', N'Việt Nam', 4, '04-30-1988', 'DB00002',1.73,65,NULL)
INSERT INTO DanhSachCauThu(MaCauThu, SoAo, HoTen, QuocTich, ViTri, NgaySinh, DoiBong,ChieuCao,CanNang,AnhDaiDien)	VALUES	(43, 78, N'Vũ Xuân Cường	', N'Việt Nam', 3, '12-28-1982', 'DB00002',1.73,65,NULL)
INSERT INTO DanhSachCauThu(MaCauThu, SoAo, HoTen, QuocTich, ViTri, NgaySinh, DoiBong,ChieuCao,CanNang,AnhDaiDien)	VALUES	(44, 77, N'Trần Minh Lợi', N'Việt Nam', 2, '12-28-1982', 'DB00002',1.73,65,NULL)

--3 XSKT Cần Thơ
INSERT INTO DanhSachCauThu(MaCauThu, SoAo, HoTen, QuocTich, ViTri, NgaySinh, DoiBong,ChieuCao,CanNang,AnhDaiDien)	VALUES	(45, 1, N'Nguyễn Thế Anh', N'CH Czech', 1, '09-06-1982', 'DB00003',1.73,65,NULL)
INSERT INTO DanhSachCauThu(MaCauThu, SoAo, HoTen, QuocTich, ViTri, NgaySinh, DoiBong,ChieuCao,CanNang,AnhDaiDien)	VALUES	(46, 20, N'Lê Quốc Hường', N'Việt Nam', 4, '04-30-1988', 'DB00003',1.73,65,NULL)
INSERT INTO DanhSachCauThu(MaCauThu, SoAo, HoTen, QuocTich, ViTri, NgaySinh, DoiBong,ChieuCao,CanNang,AnhDaiDien)	VALUES	(47, 2, N'Phạm Thế Nhật', N'Việt Nam', 4, '11-18-1982', 'DB00003',1.73,65,NULL)
INSERT INTO DanhSachCauThu(MaCauThu, SoAo, HoTen, QuocTich, ViTri, NgaySinh, DoiBong,ChieuCao,CanNang,AnhDaiDien)	VALUES	(48, 3, N'Nguyễn Sỹ Nam', N'Việt Nam', 4, '11-18-1982', 'DB00003',1.73,65,NULL)
INSERT INTO DanhSachCauThu(MaCauThu, SoAo, HoTen, QuocTich, ViTri, NgaySinh, DoiBong,ChieuCao,CanNang,AnhDaiDien)	VALUES	(49, 4, N'Đinh Tiến Thành', N'Việt Nam', 4, '02-14-1982', 'DB00003',1.73,65,NULL)
INSERT INTO DanhSachCauThu(MaCauThu, SoAo, HoTen, QuocTich, ViTri, NgaySinh, DoiBong,ChieuCao,CanNang,AnhDaiDien)	VALUES	(50, 5, N'Lê Ngọc Nam', N'Việt Nam', 3, '11-18-1982', 'DB00003',1.73,65,NULL)
INSERT INTO DanhSachCauThu(MaCauThu, SoAo, HoTen, QuocTich, ViTri, NgaySinh, DoiBong,ChieuCao,CanNang,AnhDaiDien)	VALUES	(51, 6, N'Lê Duy Thanh', N'Việt Nam', 3, '02-14-1982', 'DB00003',1.73,65,NULL)
INSERT INTO DanhSachCauThu(MaCauThu, SoAo, HoTen, QuocTich, ViTri, NgaySinh, DoiBong,ChieuCao,CanNang,AnhDaiDien)	VALUES	(52, 7, N'Trần Vũ Phương Tâm', N'Ghana', 3, '11-18-1982', 'DB00003',1.73,65,NULL)
INSERT INTO DanhSachCauThu(MaCauThu, SoAo, HoTen, QuocTich, ViTri, NgaySinh, DoiBong,ChieuCao,CanNang,AnhDaiDien)	VALUES	(53, 8, N'Wasiu Akanai Sunday', N'Việt Nam', 3, '05-26-1989', 'DB00003',1.73,65,NULL)
INSERT INTO DanhSachCauThu(MaCauThu, SoAo, HoTen, QuocTich, ViTri, NgaySinh, DoiBong,ChieuCao,CanNang,AnhDaiDien)	VALUES	(54, 9, N'Nguyễn Đức Linh', N'Việt Nam', 3, '05-26-1989', 'DB00003',1.73,65,NULL)
INSERT INTO DanhSachCauThu(MaCauThu, SoAo, HoTen, QuocTich, ViTri, NgaySinh, DoiBong,ChieuCao,CanNang,AnhDaiDien)	VALUES	(55, 10, N'Phan Thanh Phúc', N'Việt Nam', 3, '05-26-1989', 'DB00003',1.73,65,NULL)
INSERT INTO DanhSachCauThu(MaCauThu, SoAo, HoTen, QuocTich, ViTri, NgaySinh, DoiBong,ChieuCao,CanNang,AnhDaiDien)	VALUES	(56, 11, N'Trương Công Thảo', N'Việt Nam', 3, '05-26-1989', 'DB00003',1.73,65,NULL)
INSERT INTO DanhSachCauThu(MaCauThu, SoAo, HoTen, QuocTich, ViTri, NgaySinh, DoiBong,ChieuCao,CanNang,AnhDaiDien)	VALUES	(57, 12, N'Trương Huỳnh Minh Khoa', N'Việt Nam', 3, '05-26-1989', 'DB00003',1.73,65,NULL)
INSERT INTO DanhSachCauThu(MaCauThu, SoAo, HoTen, QuocTich, ViTri, NgaySinh, DoiBong,ChieuCao,CanNang,AnhDaiDien)	VALUES	(58, 13, N'Phạm Văn Quý', N'Việt Nam', 2, '02-14-1982', 'DB00003',1.73,65,NULL)
INSERT INTO DanhSachCauThu(MaCauThu, SoAo, HoTen, QuocTich, ViTri, NgaySinh, DoiBong,ChieuCao,CanNang,AnhDaiDien)	VALUES	(59, 14, N'Đặng Quang Huy', N'Việt Nam', 2, '05-26-1989', 'DB00003',1.73,65,NULL)
INSERT INTO DanhSachCauThu(MaCauThu, SoAo, HoTen, QuocTich, ViTri, NgaySinh, DoiBong,ChieuCao,CanNang,AnhDaiDien)	VALUES	(60, 15, N'Lê Văn Thắng	', N'Việt Nam', 2, '02-14-1982', 'DB00003',1.73,65,NULL)
INSERT INTO DanhSachCauThu(MaCauThu, SoAo, HoTen, QuocTich, ViTri, NgaySinh, DoiBong,ChieuCao,CanNang,AnhDaiDien)	VALUES	(61, 16, N'Nguyễn Văn Mạnh	', N'Việt Nam', 2, '05-26-1989', 'DB00003',1.73,65,NULL)
INSERT INTO DanhSachCauThu(MaCauThu, SoAo, HoTen, QuocTich, ViTri, NgaySinh, DoiBong,ChieuCao,CanNang,AnhDaiDien)	VALUES	(62, 17, N'Nguyễn Huỳnh Kiếm Linh', N'Việt Nam', 2, '11-18-1982', 'DB00003',1.73,65,NULL)
INSERT INTO DanhSachCauThu(MaCauThu, SoAo, HoTen, QuocTich, ViTri, NgaySinh, DoiBong,ChieuCao,CanNang,AnhDaiDien)	VALUES	(63, 18, N'Nguyễn Văn Quân	', N'Việt Nam', 2, '06-25-1982', 'DB00003',1.73,65,NULL)
INSERT INTO DanhSachCauThu(MaCauThu, SoAo, HoTen, QuocTich, ViTri, NgaySinh, DoiBong,ChieuCao,CanNang,AnhDaiDien)	VALUES	(64, 19, N'Nguyễn Đông Vịnh', N'Việt Nam', 2, '06-25-1982', 'DB00003',1.73,65,NULL)
INSERT INTO DanhSachCauThu(MaCauThu, SoAo, HoTen, QuocTich, ViTri, NgaySinh, DoiBong,ChieuCao,CanNang,AnhDaiDien)	VALUES	(65, 26, N'Vũ Thanh Tùng', N'Việt Nam', 2, '06-25-1982', 'DB00003',1.73,65,NULL)
INSERT INTO DanhSachCauThu(MaCauThu, SoAo, HoTen, QuocTich, ViTri, NgaySinh, DoiBong,ChieuCao,CanNang,AnhDaiDien)	VALUES	(66, 65, N'Nguyễn Hiếu Trung Anh', N'Việt Nam', 1, '05-26-1989', 'DB00003',1.73,65,NULL)

--4 Thanh Hóa
INSERT INTO DanhSachCauThu(MaCauThu, SoAo, HoTen, QuocTich, ViTri, NgaySinh, DoiBong,ChieuCao,CanNang,AnhDaiDien)	VALUES	(67, 10, N'Messi', N'Althentina', 4, '06-25-1982', 'DB00012',1.73,65,NULL)
INSERT INTO DanhSachCauThu(MaCauThu, SoAo, HoTen, QuocTich, ViTri, NgaySinh, DoiBong,ChieuCao,CanNang,AnhDaiDien)	VALUES	(68, 11, N'Phan Thanh Ý', N'Việt Nam', 4, '11-18-1982', 'DB00012',1.73,65,NULL)
INSERT INTO DanhSachCauThu(MaCauThu, SoAo, HoTen, QuocTich, ViTri, NgaySinh, DoiBong,ChieuCao,CanNang,AnhDaiDien)	VALUES	(69, 7, N'Luis Suarez', N'Uruquay', 4, '06-25-1982', 'DB00012',1.73,65,NULL)
INSERT INTO DanhSachCauThu(MaCauThu, SoAo, HoTen, QuocTich, ViTri, NgaySinh, DoiBong,ChieuCao,CanNang,AnhDaiDien)	VALUES	(70, 1, N'Victor Valdes', N'Việt Nam', 1, '02-14-1982', 'DB00012',1.73,65,NULL)
INSERT INTO DanhSachCauThu(MaCauThu, SoAo, HoTen, QuocTich, ViTri, NgaySinh, DoiBong,ChieuCao,CanNang,AnhDaiDien)	VALUES	(71, 32, N'Phạm Văn Văn Mách',N'Việt Nam', 4, '03-29-1995', 'DB00012',1.73,65,NULL)
INSERT INTO DanhSachCauThu(MaCauThu, SoAo, HoTen, QuocTich, ViTri, NgaySinh, DoiBong,ChieuCao,CanNang,AnhDaiDien)	VALUES	(72, 6, N'Xavi',N'Việt Nam', 3, '03-17-1980', 'DB00012',1.73,65,NULL)
INSERT INTO DanhSachCauThu(MaCauThu, SoAo, HoTen, QuocTich, ViTri, NgaySinh, DoiBong,ChieuCao,CanNang,AnhDaiDien)	VALUES	(73, 8, N'Lý Hải',N'Việt Nam', 3, '03-29-1995', 'DB00012',1.73,65,NULL)
INSERT INTO DanhSachCauThu(MaCauThu, SoAo, HoTen, QuocTich, ViTri, NgaySinh, DoiBong,ChieuCao,CanNang,AnhDaiDien)	VALUES	(74, 2, N'Lâm Hùng',N'Việt Nam', 2, '03-29-1995', 'DB00012',1.73,65,NULL)
INSERT INTO DanhSachCauThu(MaCauThu, SoAo, HoTen, QuocTich, ViTri, NgaySinh, DoiBong,ChieuCao,CanNang,AnhDaiDien)	VALUES	(75, 3, N'Trương Đan Huy',N'Việt Nam', 2, '09-13-1995', 'DB00012',1.73,65,NULL)
INSERT INTO DanhSachCauThu(MaCauThu, SoAo, HoTen, QuocTich, ViTri, NgaySinh, DoiBong,ChieuCao,CanNang,AnhDaiDien)	VALUES	(76, 4, N'Hàn Thái Tú',N'Việt Nam', 2, '03-29-1995', 'DB00012',1.73,65,NULL)
INSERT INTO DanhSachCauThu(MaCauThu, SoAo, HoTen, QuocTich, ViTri, NgaySinh, DoiBong,ChieuCao,CanNang,AnhDaiDien)	VALUES	(77, 5, N'Vân Quang Long',N'Việt Nam', 2, '07-26-1995', 'DB00012',1.73,65,NULL)
INSERT INTO DanhSachCauThu(MaCauThu, SoAo, HoTen, QuocTich, ViTri, NgaySinh, DoiBong,ChieuCao,CanNang,AnhDaiDien)	VALUES	(78, 9, N'Lâm Chấn Khang',N'Việt Nam', 3, '03-29-1995', 'DB00012',1.73,65,NULL)
INSERT INTO DanhSachCauThu(MaCauThu, SoAo, HoTen, QuocTich, ViTri, NgaySinh, DoiBong,ChieuCao,CanNang,AnhDaiDien)	VALUES	(79, 12, N'Ưng Hoàng Phúc',N'Việt Nam', 3, '03-29-1995', 'DB00012',1.73,65,NULL)
INSERT INTO DanhSachCauThu(MaCauThu, SoAo, HoTen, QuocTich, ViTri, NgaySinh, DoiBong,ChieuCao,CanNang,AnhDaiDien)	VALUES	(80, 13, N'Đan Nguyên',N'Việt Nam', 3, '03-29-1995', 'DB00012',1.73,65,NULL)
INSERT INTO DanhSachCauThu(MaCauThu, SoAo, HoTen, QuocTich, ViTri, NgaySinh, DoiBong,ChieuCao,CanNang,AnhDaiDien)	VALUES	(81, 14, N'Ông Cao Thắng',N'Việt Nam', 3, '07-26-1995', 'DB00012',1.73,65,NULL)
INSERT INTO DanhSachCauThu(MaCauThu, SoAo, HoTen, QuocTich, ViTri, NgaySinh, DoiBong,ChieuCao,CanNang,AnhDaiDien)	VALUES	(82, 15, N'Nguyễn Xuân Phúc',N'Việt Nam', 4, '03-29-1995', 'DB00012',1.73,65,NULL)
INSERT INTO DanhSachCauThu(MaCauThu, SoAo, HoTen, QuocTich, ViTri, NgaySinh, DoiBong,ChieuCao,CanNang,AnhDaiDien)	VALUES	(83, 16, N'Trần Việt Nhân',N'Việt Nam', 4, '09-15-1995', 'DB00012',1.73,65,NULL)
INSERT INTO DanhSachCauThu(MaCauThu, SoAo, HoTen, QuocTich, ViTri, NgaySinh, DoiBong,ChieuCao,CanNang,AnhDaiDien)	VALUES	(84, 17, N'Châu Gia Kiệt',N'Việt Nam', 2, '02-16-1998', 'DB00012',1.73,65,NULL)
INSERT INTO DanhSachCauThu(MaCauThu, SoAo, HoTen, QuocTich, ViTri, NgaySinh, DoiBong,ChieuCao,CanNang,AnhDaiDien)	VALUES	(86, 19, N'Lương Xuân Trường',N'Việt Nam', 3, '03-29-1995', 'DB00012',1.73,65,NULL)
INSERT INTO DanhSachCauThu(MaCauThu, SoAo, HoTen, QuocTich, ViTri, NgaySinh, DoiBong,ChieuCao,CanNang,AnhDaiDien)	VALUES	(87, 20, N'Ronaldinho',N'Việt Nam', 4, '03-17-1980', 'DB00012',1.73,65,NULL)
INSERT INTO DanhSachCauThu(MaCauThu, SoAo, HoTen, QuocTich, ViTri, NgaySinh, DoiBong,ChieuCao,CanNang,AnhDaiDien)	VALUES	(88, 21, N'Rivaldo',N'Việt Nam', 4, '10-23-1983', 'DB00012',1.73,65,NULL)

--5 Đồng Nai
INSERT INTO DanhSachCauThu(MaCauThu, SoAo, HoTen, QuocTich, ViTri, NgaySinh, DoiBong,ChieuCao,CanNang,AnhDaiDien)	VALUES	(89, 7, N'Danh Hoàng Tuấn', N'Việt Nam', 4, '07-14-1985', 'DB00005',1.73,65,NULL)
INSERT INTO DanhSachCauThu(MaCauThu, SoAo, HoTen, QuocTich, ViTri, NgaySinh, DoiBong,ChieuCao,CanNang,AnhDaiDien)	VALUES	(90, 11, N'Nguyễn Thanh Hà', N'Việt Nam', 4, '07-14-1985', 'DB00005',1.73,65,NULL)
INSERT INTO DanhSachCauThu(MaCauThu, SoAo, HoTen, QuocTich, ViTri, NgaySinh, DoiBong,ChieuCao,CanNang,AnhDaiDien)	VALUES	(91, 1, N'Phan Lưu Thế Sơn', N'Việt Nam', 1, '09-06-1980', 'DB00005',1.73,65,NULL)
INSERT INTO DanhSachCauThu(MaCauThu, SoAo, HoTen, QuocTich, ViTri, NgaySinh, DoiBong,ChieuCao,CanNang,AnhDaiDien)	VALUES	(92, 2, N'Chu Khánh Thành', N'Việt Nam', 1, '05-26-1989', 'DB00005',1.73,65,NULL)
INSERT INTO DanhSachCauThu(MaCauThu, SoAo, HoTen, QuocTich, ViTri, NgaySinh, DoiBong,ChieuCao,CanNang,AnhDaiDien)	VALUES	(93, 3, N'Nguyễn Xuân Thành', N'Việt Nam', 4, '11-18-1982', 'DB00005',1.73,65,NULL)
INSERT INTO DanhSachCauThu(MaCauThu, SoAo, HoTen, QuocTich, ViTri, NgaySinh, DoiBong,ChieuCao,CanNang,AnhDaiDien)	VALUES	(94, 4, N'Đinh Trung Kiên', N'Việt Nam', 2, '10-10-1984', 'DB00005',1.73,65,NULL)
INSERT INTO DanhSachCauThu(MaCauThu, SoAo, HoTen, QuocTich, ViTri, NgaySinh, DoiBong,ChieuCao,CanNang,AnhDaiDien)	VALUES	(95, 5, N'Nguyễn Văn Anh', N'Việt Nam', 4, '12-01-1973', 'DB00005',1.73,65,NULL)
INSERT INTO DanhSachCauThu(MaCauThu, SoAo, HoTen, QuocTich, ViTri, NgaySinh, DoiBong,ChieuCao,CanNang,AnhDaiDien)	VALUES	(96, 6, N'Trần Văn Luận', N'Việt Nam', 4, '12-05-1976', 'DB00005',1.73,65,NULL)
INSERT INTO DanhSachCauThu(MaCauThu, SoAo, HoTen, QuocTich, ViTri, NgaySinh, DoiBong,ChieuCao,CanNang,AnhDaiDien)	VALUES	(97, 8, N'Nguyễn Hải Hà', N'Việt Nam', 2, '10-10-1984', 'DB00005',1.73,65,NULL)
INSERT INTO DanhSachCauThu(MaCauThu, SoAo, HoTen, QuocTich, ViTri, NgaySinh, DoiBong,ChieuCao,CanNang,AnhDaiDien)	VALUES	(98, 9, N'Trần Quốc Dũng', N'Việt Nam', 2, '09-26-1986', 'DB00005',1.73,65,NULL)
INSERT INTO DanhSachCauThu(MaCauThu, SoAo, HoTen, QuocTich, ViTri, NgaySinh, DoiBong,ChieuCao,CanNang,AnhDaiDien)	VALUES	(99, 10, N'Lê Công Minh', N'Việt Nam', 2, '10-10-1984', 'DB00005',1.73,65,NULL)
INSERT INTO DanhSachCauThu(MaCauThu, SoAo, HoTen, QuocTich, ViTri, NgaySinh, DoiBong,ChieuCao,CanNang,AnhDaiDien)	VALUES	(100, 12, N'Vincent Bossou', N'Ghana', 2, '04-30-1988', 'DB00005',1.73,65,NULL)
INSERT INTO DanhSachCauThu(MaCauThu, SoAo, HoTen, QuocTich, ViTri, NgaySinh, DoiBong,ChieuCao,CanNang,AnhDaiDien)	VALUES	(101, 13, N'Phạm Đặng Duy An', N'Việt Nam', 2, '12-28-1990', 'DB00005',1.73,65,NULL)
INSERT INTO DanhSachCauThu(MaCauThu, SoAo, HoTen, QuocTich, ViTri, NgaySinh, DoiBong,ChieuCao,CanNang,AnhDaiDien)	VALUES	(102, 14, N'Trần Văn Hén', N'Việt Nam', 2, '06-25-1982', 'DB00005',1.73,65,NULL)
INSERT INTO DanhSachCauThu(MaCauThu, SoAo, HoTen, QuocTich, ViTri, NgaySinh, DoiBong,ChieuCao,CanNang,AnhDaiDien)	VALUES	(103, 15, N'Phan Văn Tài', N'Việt Nam', 2, '09-06-1982', 'DB00005',1.73,65,NULL)
INSERT INTO DanhSachCauThu(MaCauThu, SoAo, HoTen, QuocTich, ViTri, NgaySinh, DoiBong,ChieuCao,CanNang,AnhDaiDien)	VALUES	(104, 16, N'Mai Quốc Huy', N'Việt Nam', 3, '12-28-1990', 'DB00005',1.73,65,NULL)
INSERT INTO DanhSachCauThu(MaCauThu, SoAo, HoTen, QuocTich, ViTri, NgaySinh, DoiBong,ChieuCao,CanNang,AnhDaiDien)	VALUES	(105, 17, N'Trần Văn Phúc', N'Việt Nam', 3, '12-28-1982', 'DB00005',1.73,65,NULL)
INSERT INTO DanhSachCauThu(MaCauThu, SoAo, HoTen, QuocTich, ViTri, NgaySinh, DoiBong,ChieuCao,CanNang,AnhDaiDien)	VALUES	(106, 18, N'Lê Xuân Thịnh', N'Việt Nam', 3, '06-25-1982', 'DB00005',1.73,65,NULL)
INSERT INTO DanhSachCauThu(MaCauThu, SoAo, HoTen, QuocTich, ViTri, NgaySinh, DoiBong,ChieuCao,CanNang,AnhDaiDien)	VALUES	(107, 19, N'Lê Viết Lợi', N'Việt Nam', 3, '12-28-1990', 'DB00005',1.73,65,NULL)
INSERT INTO DanhSachCauThu(MaCauThu, SoAo, HoTen, QuocTich, ViTri, NgaySinh, DoiBong,ChieuCao,CanNang,AnhDaiDien)	VALUES	(108, 20, N'Felix Gbenga Ajala', N'Nam Phi', 3, '05-26-1989', 'DB00005',1.73,65,NULL)
INSERT INTO DanhSachCauThu(MaCauThu, SoAo, HoTen, QuocTich, ViTri, NgaySinh, DoiBong,ChieuCao,CanNang,AnhDaiDien)	VALUES	(109, 21, N'Phan Văn Tài Em', N'Việt Nam', 3, '09-06-1980', 'DB00005',1.73,65,NULL)
INSERT INTO DanhSachCauThu(MaCauThu, SoAo, HoTen, QuocTich, ViTri, NgaySinh, DoiBong,ChieuCao,CanNang,AnhDaiDien)	VALUES	(110, 22, N'Trần Ngọc Thắng', N'Việt Nam', 3, '09-26-1994', 'DB00005',1.73,65,NULL)

--6 Than Quảng Ninh
INSERT INTO DanhSachCauThu(MaCauThu, SoAo, HoTen, QuocTich, ViTri, NgaySinh, DoiBong,ChieuCao,CanNang,AnhDaiDien)	VALUES	(111, 7, N'Trần Hoàng Tuấn', N'Việt Nam', 4, '07-14-1985', 'DB00006',1.73,65,NULL)
INSERT INTO DanhSachCauThu(MaCauThu, SoAo, HoTen, QuocTich, ViTri, NgaySinh, DoiBong,ChieuCao,CanNang,AnhDaiDien)	VALUES	(112, 11, N'Nguyễn Thanh Hà', N'Việt Nam', 4, '07-14-1985', 'DB00006',1.73,65,NULL)
INSERT INTO DanhSachCauThu(MaCauThu, SoAo, HoTen, QuocTich, ViTri, NgaySinh, DoiBong,ChieuCao,CanNang,AnhDaiDien)	VALUES	(113, 1, N'Phan Lưu Thế Sơn', N'Việt Nam', 1, '09-06-1980', 'DB00006',1.73,65,NULL)
INSERT INTO DanhSachCauThu(MaCauThu, SoAo, HoTen, QuocTich, ViTri, NgaySinh, DoiBong,ChieuCao,CanNang,AnhDaiDien)	VALUES	(114, 3, N'Nguyễn Xuân Phúc', N'Việt Nam', 3, '05-26-1989', 'DB00006',1.73,65,NULL)
INSERT INTO DanhSachCauThu(MaCauThu, SoAo, HoTen, QuocTich, ViTri, NgaySinh, DoiBong,ChieuCao,CanNang,AnhDaiDien)	VALUES	(115, 4, N'Trần Văn Danh', N'Việt Nam', 3, '10-10-1984', 'DB00006',1.73,65,NULL)
INSERT INTO DanhSachCauThu(MaCauThu, SoAo, HoTen, QuocTich, ViTri, NgaySinh, DoiBong,ChieuCao,CanNang,AnhDaiDien)	VALUES	(116, 5, N'Phan Đăng Huy', N'Việt Nam', 3, '04-30-1988', 'DB00006',1.73,65,NULL)
INSERT INTO DanhSachCauThu(MaCauThu, SoAo, HoTen, QuocTich, ViTri, NgaySinh, DoiBong,ChieuCao,CanNang,AnhDaiDien)	VALUES	(117, 6, N'Mao Trạch Đông', N'Việt Nam', 4, '10-10-1984', 'DB00006',1.73,65,NULL)
INSERT INTO DanhSachCauThu(MaCauThu, SoAo, HoTen, QuocTich, ViTri, NgaySinh, DoiBong,ChieuCao,CanNang,AnhDaiDien)	VALUES	(118, 7, N'Nguyễn Trí Trung', N'Việt Nam', 4, '11-18-1982', 'DB00006',1.73,65,NULL)
INSERT INTO DanhSachCauThu(MaCauThu, SoAo, HoTen, QuocTich, ViTri, NgaySinh, DoiBong,ChieuCao,CanNang,AnhDaiDien)	VALUES	(119, 8, N'Trần Trọng Tài', N'Việt Nam', 4, '05-26-1989', 'DB00006',1.73,65,NULL)
INSERT INTO DanhSachCauThu(MaCauThu, SoAo, HoTen, QuocTich, ViTri, NgaySinh, DoiBong,ChieuCao,CanNang,AnhDaiDien)	VALUES	(120, 9, N'Robert Lewandowski', N'Ba Lan', 4, '04-30-1988', 'DB00006',1.73,65,NULL)
INSERT INTO DanhSachCauThu(MaCauThu, SoAo, HoTen, QuocTich, ViTri, NgaySinh, DoiBong,ChieuCao,CanNang,AnhDaiDien)	VALUES	(121, 10, N'Phan Thanh Ý', N'Việt Nam', 3, '10-10-1984', 'DB00006',1.73,65,NULL)
INSERT INTO DanhSachCauThu(MaCauThu, SoAo, HoTen, QuocTich, ViTri, NgaySinh, DoiBong,ChieuCao,CanNang,AnhDaiDien)	VALUES	(122, 11, N'Nguyễn Hữu Tài', N'Việt Nam', 3, '12-28-1982', 'DB00006',1.73,65,NULL)
INSERT INTO DanhSachCauThu(MaCauThu, SoAo, HoTen, QuocTich, ViTri, NgaySinh, DoiBong,ChieuCao,CanNang,AnhDaiDien)	VALUES	(123, 12, N'Ưng Châu Thành', N'Việt Nam', 2, '04-30-1988', 'DB00006',1.73,65,NULL)
INSERT INTO DanhSachCauThu(MaCauThu, SoAo, HoTen, QuocTich, ViTri, NgaySinh, DoiBong,ChieuCao,CanNang,AnhDaiDien)	VALUES	(124, 13, N'Lê Hữu Phát', N'Việt Nam', 2, '12-28-1990', 'DB00006',1.73,65,NULL)
INSERT INTO DanhSachCauThu(MaCauThu, SoAo, HoTen, QuocTich, ViTri, NgaySinh, DoiBong,ChieuCao,CanNang,AnhDaiDien)	VALUES	(125, 14, N'Nguyễn Thành Long Giang', N'Việt Nam', 2, '10-10-1984', 'DB00006',1.73,65,NULL)
INSERT INTO DanhSachCauThu(MaCauThu, SoAo, HoTen, QuocTich, ViTri, NgaySinh, DoiBong,ChieuCao,CanNang,AnhDaiDien)	VALUES	(126, 15, N'Phạm Văn Phước', N'Việt Nam', 3, '12-28-1982', 'DB00006',1.73,65,NULL)
INSERT INTO DanhSachCauThu(MaCauThu, SoAo, HoTen, QuocTich, ViTri, NgaySinh, DoiBong,ChieuCao,CanNang,AnhDaiDien)	VALUES	(127, 16, N'Nguyễn Thanh Toàn', N'Việt Nam', 3, '12-28-1990', 'DB00006',1.73,65,NULL)
INSERT INTO DanhSachCauThu(MaCauThu, SoAo, HoTen, QuocTich, ViTri, NgaySinh, DoiBong,ChieuCao,CanNang,AnhDaiDien)	VALUES	(128, 17, N'Trần Văn Tuấn', N'Việt Nam', 2, '11-18-1982', 'DB00006',1.73,65,NULL)
INSERT INTO DanhSachCauThu(MaCauThu, SoAo, HoTen, QuocTich, ViTri, NgaySinh, DoiBong,ChieuCao,CanNang,AnhDaiDien)	VALUES	(129, 18, N'Trịnh Công Lâm', N'Việt Nam', 3, '06-25-1982', 'DB00006',1.73,65,NULL)
INSERT INTO DanhSachCauThu(MaCauThu, SoAo, HoTen, QuocTich, ViTri, NgaySinh, DoiBong,ChieuCao,CanNang,AnhDaiDien)	VALUES	(130, 19, N'Đỗ Thanh Hải', N'Việt Nam', 4, '04-30-1988', 'DB00006',1.73,65,NULL)
INSERT INTO DanhSachCauThu(MaCauThu, SoAo, HoTen, QuocTich, ViTri, NgaySinh, DoiBong,ChieuCao,CanNang,AnhDaiDien)	VALUES	(131, 20, N'Hà Nguyễn Xuân Phúc', N'Việt Nam', 1, '03-29-1995', 'DB00006',1.73,65,NULL)
INSERT INTO DanhSachCauThu(MaCauThu, SoAo, HoTen, QuocTich, ViTri, NgaySinh, DoiBong,ChieuCao,CanNang,AnhDaiDien)	VALUES	(132, 21, N'Nguyễn Hoàng Khánh Duy', N'Việt Nam', 2, '09-06-1980', 'DB00006',1.73,65,NULL)

--7 Hà Nội T&T
INSERT INTO DanhSachCauThu(MaCauThu, SoAo, HoTen, QuocTich, ViTri, NgaySinh, DoiBong,ChieuCao,CanNang,AnhDaiDien)	VALUES	(133, 1, N'Hồ Phi Trọng Trí', N'Việt Nam', 1, '09-26-1978', 'DB00007',1.73,65,NULL)
INSERT INTO DanhSachCauThu(MaCauThu, SoAo, HoTen, QuocTich, ViTri, NgaySinh, DoiBong,ChieuCao,CanNang,AnhDaiDien)	VALUES	(134, 2, N'Lê Minh Hải Sơn', N'Việt Nam', 3, '09-21-1985', 'DB00007',1.73,65,NULL)
INSERT INTO DanhSachCauThu(MaCauThu, SoAo, HoTen, QuocTich, ViTri, NgaySinh, DoiBong,ChieuCao,CanNang,AnhDaiDien)	VALUES	(135, 3, N'Nguyễn Hữu Phát', N'Việt Nam', 2, '06-25-1982', 'DB00007',1.73,65,NULL)
INSERT INTO DanhSachCauThu(MaCauThu, SoAo, HoTen, QuocTich, ViTri, NgaySinh, DoiBong,ChieuCao,CanNang,AnhDaiDien)	VALUES	(136, 4, N'Nguyễn Đức Thịnh', N'Việt Nam', 2, '07-14-1985', 'DB00007',1.73,65,NULL)
INSERT INTO DanhSachCauThu(MaCauThu, SoAo, HoTen, QuocTich, ViTri, NgaySinh, DoiBong,ChieuCao,CanNang,AnhDaiDien)	VALUES	(137, 5, N'Nguyễn Ngọc Anh', N'Việt Nam', 3, '05-26-1989', 'DB00007',1.73,65,NULL)
INSERT INTO DanhSachCauThu(MaCauThu, SoAo, HoTen, QuocTich, ViTri, NgaySinh, DoiBong,ChieuCao,CanNang,AnhDaiDien)	VALUES	(138, 6, N'Lê Thanh Hùng', N'Việt Nam', 3, '06-25-1982', 'DB00007',1.73,65,NULL)
INSERT INTO DanhSachCauThu(MaCauThu, SoAo, HoTen, QuocTich, ViTri, NgaySinh, DoiBong,ChieuCao,CanNang,AnhDaiDien)	VALUES	(139, 7, N'Ngô Đức Thắng', N'Việt Nam', 4, '12-28-1990', 'DB00007',1.73,65,NULL)
INSERT INTO DanhSachCauThu(MaCauThu, SoAo, HoTen, QuocTich, ViTri, NgaySinh, DoiBong,ChieuCao,CanNang,AnhDaiDien)	VALUES	(140, 8, N'Trần Thanh Tuấn', N'Việt Nam', 2, '05-26-1989', 'DB00007',1.73,65,NULL)
INSERT INTO DanhSachCauThu(MaCauThu, SoAo, HoTen, QuocTich, ViTri, NgaySinh, DoiBong,ChieuCao,CanNang,AnhDaiDien)	VALUES	(141, 9, N'Trần Trọng Nam', N'Việt Nam', 4, '12-28-1982', 'DB00007',1.73,65,NULL)
INSERT INTO DanhSachCauThu(MaCauThu, SoAo, HoTen, QuocTich, ViTri, NgaySinh, DoiBong,ChieuCao,CanNang,AnhDaiDien)	VALUES	(142, 10, N'Nguyễn Hữu Khánh', N'Việt Nam', 3, '11-18-1982', 'DB00007',1.73,65,NULL)
INSERT INTO DanhSachCauThu(MaCauThu, SoAo, HoTen, QuocTich, ViTri, NgaySinh, DoiBong,ChieuCao,CanNang,AnhDaiDien)	VALUES	(143, 11, N'Lê Tuấn Anh', N'Việt Nam', 3, '12-28-1982', 'DB00007',1.73,65,NULL)
INSERT INTO DanhSachCauThu(MaCauThu, SoAo, HoTen, QuocTich, ViTri, NgaySinh, DoiBong,ChieuCao,CanNang,AnhDaiDien)	VALUES	(144, 12, N'Phan Văn Huy', N'Việt Nam', 2, '04-30-1988', 'DB00007',1.73,65,NULL)
INSERT INTO DanhSachCauThu(MaCauThu, SoAo, HoTen, QuocTich, ViTri, NgaySinh, DoiBong,ChieuCao,CanNang,AnhDaiDien)	VALUES	(145, 13, N'Nguyễn Thanh Tài', N'Việt Nam', 2, '09-26-1986', 'DB00007',1.73,65,NULL)
INSERT INTO DanhSachCauThu(MaCauThu, SoAo, HoTen, QuocTich, ViTri, NgaySinh, DoiBong,ChieuCao,CanNang,AnhDaiDien)	VALUES	(146, 14, N'Nguyễn Thái Dương', N'Việt Nam', 3, '06-25-1982', 'DB00007',1.73,65,NULL)
INSERT INTO DanhSachCauThu(MaCauThu, SoAo, HoTen, QuocTich, ViTri, NgaySinh, DoiBong,ChieuCao,CanNang,AnhDaiDien)	VALUES	(147, 15, N'Bùi Trần Vũ', N'Việt Nam', 3, '09-26-1986', 'DB00007',1.73,65,NULL)
INSERT INTO DanhSachCauThu(MaCauThu, SoAo, HoTen, QuocTich, ViTri, NgaySinh, DoiBong,ChieuCao,CanNang,AnhDaiDien)	VALUES	(148, 16, N'Paulo Dybala', N'Argentina', 4, '05-26-1989', 'DB00007',1.73,65,NULL)
INSERT INTO DanhSachCauThu(MaCauThu, SoAo, HoTen, QuocTich, ViTri, NgaySinh, DoiBong,ChieuCao,CanNang,AnhDaiDien)	VALUES	(149, 17, N'Mario DTLAdžukić', N'Croatia', 4, '06-25-1982', 'DB00007',1.73,65,NULL)
INSERT INTO DanhSachCauThu(MaCauThu, SoAo, HoTen, QuocTich, ViTri, NgaySinh, DoiBong,ChieuCao,CanNang,AnhDaiDien)	VALUES	(150, 18, N'Hoàng Thành Công', N'Việt Nam', 3, '12-28-1982', 'DB00007',1.73,65,NULL)
INSERT INTO DanhSachCauThu(MaCauThu, SoAo, HoTen, QuocTich, ViTri, NgaySinh, DoiBong,ChieuCao,CanNang,AnhDaiDien)	VALUES	(151, 19, N'Lê Huy', N'Việt Nam', 3, '05-26-1989', 'DB00007',1.73,65,NULL)
INSERT INTO DanhSachCauThu(MaCauThu, SoAo, HoTen, QuocTich, ViTri, NgaySinh, DoiBong,ChieuCao,CanNang,AnhDaiDien)	VALUES	(152, 20, N'Trần Trọng Vinh', N'Việt Nam', 3, '06-25-1982', 'DB00007',1.73,65,NULL)
INSERT INTO DanhSachCauThu(MaCauThu, SoAo, HoTen, QuocTich, ViTri, NgaySinh, DoiBong,ChieuCao,CanNang,AnhDaiDien)	VALUES	(153, 21, N'Nguyễn Thanh Cường', N'Việt Nam', 3, '07-14-1985', 'DB00007',1.73,65,NULL)
INSERT INTO DanhSachCauThu(MaCauThu, SoAo, HoTen, QuocTich, ViTri, NgaySinh, DoiBong,ChieuCao,CanNang,AnhDaiDien)	VALUES	(154, 22, N'Tô Ngọc Thành Lam', N'Việt Nam', 1, '10-10-1984', 'DB00007',1.73,65,NULL)

--8 Đồng Tâm Long An
INSERT INTO DanhSachCauThu(MaCauThu, SoAo, HoTen, QuocTich, ViTri, NgaySinh, DoiBong,ChieuCao,CanNang,AnhDaiDien)	VALUES	(155, 1, N'Phan Văn Santos', N'Việt Nam', 1, '05-26-1989', 'DB00008',1.73,65,NULL)
INSERT INTO DanhSachCauThu(MaCauThu, SoAo, HoTen, QuocTich, ViTri, NgaySinh, DoiBong,ChieuCao,CanNang,AnhDaiDien)	VALUES	(157, 2, N'Trần Văn Lai', N'Việt Nam', 4, '05-26-1989', 'DB00008',1.73,65,NULL)
INSERT INTO DanhSachCauThu(MaCauThu, SoAo, HoTen, QuocTich, ViTri, NgaySinh, DoiBong,ChieuCao,CanNang,AnhDaiDien)	VALUES	(158, 3, N'Nguyễn Văn Bắc', N'Việt Nam', 4, '06-25-1982', 'DB00008',1.73,65,NULL)
INSERT INTO DanhSachCauThu(MaCauThu, SoAo, HoTen, QuocTich, ViTri, NgaySinh, DoiBong,ChieuCao,CanNang,AnhDaiDien)	VALUES	(159, 4, N'Lê Hữu Phước', N'Belgium', 2, '10-10-1984', 'DB00008',1.73,65,NULL)
INSERT INTO DanhSachCauThu(MaCauThu, SoAo, HoTen, QuocTich, ViTri, NgaySinh, DoiBong,ChieuCao,CanNang,AnhDaiDien)	VALUES	(160, 5, N'Nguyễn Thanh Sơn', N'Việt Nam', 3, '05-26-1989', 'DB00008',1.73,65,NULL)
INSERT INTO DanhSachCauThu(MaCauThu, SoAo, HoTen, QuocTich, ViTri, NgaySinh, DoiBong,ChieuCao,CanNang,AnhDaiDien)	VALUES	(161, 6, N'Lý Thanh Sang', N'Việt Nam', 3, '04-30-1988', 'DB00008',1.73,65,NULL)
INSERT INTO DanhSachCauThu(MaCauThu, SoAo, HoTen, QuocTich, ViTri, NgaySinh, DoiBong,ChieuCao,CanNang,AnhDaiDien)	VALUES	(162, 7, N'Trần Đức Trung', N'Việt Nam', 3, '06-25-1982', 'DB00008',1.73,65,NULL)
INSERT INTO DanhSachCauThu(MaCauThu, SoAo, HoTen, QuocTich, ViTri, NgaySinh, DoiBong,ChieuCao,CanNang,AnhDaiDien)	VALUES	(163, 8, N'Nguyễn Văn Công', N'Việt Nam', 3, '05-26-1989', 'DB00008',1.73,65,NULL)
INSERT INTO DanhSachCauThu(MaCauThu, SoAo, HoTen, QuocTich, ViTri, NgaySinh, DoiBong,ChieuCao,CanNang,AnhDaiDien)	VALUES	(164, 9, N'Phạm Văn Thành', N'Việt Nam', 3, '06-25-1982', 'DB00008',1.73,65,NULL)
INSERT INTO DanhSachCauThu(MaCauThu, SoAo, HoTen, QuocTich, ViTri, NgaySinh, DoiBong,ChieuCao,CanNang,AnhDaiDien)	VALUES	(156, 10, N'Đặng Hữu Phước', N'Argentina', 4, '04-30-1988', 'DB00008',1.73,65,NULL)
INSERT INTO DanhSachCauThu(MaCauThu, SoAo, HoTen, QuocTich, ViTri, NgaySinh, DoiBong,ChieuCao,CanNang,AnhDaiDien)	VALUES	(165, 11, N'Lê Duy Thanh', N'Việt Nam', 3, '10-10-1984', 'DB00008',1.73,65,NULL)
INSERT INTO DanhSachCauThu(MaCauThu, SoAo, HoTen, QuocTich, ViTri, NgaySinh, DoiBong,ChieuCao,CanNang,AnhDaiDien)	VALUES	(166, 12, N'Dương Văn Pho', N'Việt Nam', 3, '07-14-1985', 'DB00008',1.73,65,NULL)
INSERT INTO DanhSachCauThu(MaCauThu, SoAo, HoTen, QuocTich, ViTri, NgaySinh, DoiBong,ChieuCao,CanNang,AnhDaiDien)	VALUES	(167, 13, N'Vũ Như Thành', N'Việt Nam', 3, '05-26-1989', 'DB00008',1.73,65,NULL)
INSERT INTO DanhSachCauThu(MaCauThu, SoAo, HoTen, QuocTich, ViTri, NgaySinh, DoiBong,ChieuCao,CanNang,AnhDaiDien)	VALUES	(168, 14, N'Võ Nguyễn Phương Duy', N'Việt Nam', 2, '10-10-1984', 'DB00008',1.73,65,NULL)
INSERT INTO DanhSachCauThu(MaCauThu, SoAo, HoTen, QuocTich, ViTri, NgaySinh, DoiBong,ChieuCao,CanNang,AnhDaiDien)	VALUES	(169, 15, N'Mai Thanh Nam', N'Việt Nam', 3, '06-25-1982', 'DB00008',1.73,65,NULL)
INSERT INTO DanhSachCauThu(MaCauThu, SoAo, HoTen, QuocTich, ViTri, NgaySinh, DoiBong,ChieuCao,CanNang,AnhDaiDien)	VALUES	(170, 16, N'Phồng Quang Trung', N'Argentina', 2, '10-10-1984', 'DB00008',1.73,65,NULL)
INSERT INTO DanhSachCauThu(MaCauThu, SoAo, HoTen, QuocTich, ViTri, NgaySinh, DoiBong,ChieuCao,CanNang,AnhDaiDien)	VALUES	(171, 17, N'Hà Niệm Tiến', N'Việt Nam', 2, '05-26-1989', 'DB00008',1.73,65,NULL)
INSERT INTO DanhSachCauThu(MaCauThu, SoAo, HoTen, QuocTich, ViTri, NgaySinh, DoiBong,ChieuCao,CanNang,AnhDaiDien)	VALUES	(172, 18, N'Trần Thanh Tuấn', N'Việt Nam', 2, '07-14-1985', 'DB00008',1.73,65,NULL)
INSERT INTO DanhSachCauThu(MaCauThu, SoAo, HoTen, QuocTich, ViTri, NgaySinh, DoiBong,ChieuCao,CanNang,AnhDaiDien)	VALUES	(173, 19, N'Nguyễn Hải Anh', N'Việt Nam', 1, '06-25-1982', 'DB00008',1.73,65,NULL)
INSERT INTO DanhSachCauThu(MaCauThu, SoAo, HoTen, QuocTich, ViTri, NgaySinh, DoiBong,ChieuCao,CanNang,AnhDaiDien)	VALUES	(174, 20, N'Nguyễn Thanh Hà', N'Belgium', 2, '05-26-1989', 'DB00008',1.73,65,NULL)
INSERT INTO DanhSachCauThu(MaCauThu, SoAo, HoTen, QuocTich, ViTri, NgaySinh, DoiBong,ChieuCao,CanNang,AnhDaiDien)	VALUES	(175, 21, N'Đinh Kiên Trung', N'Brazil', 4, '07-14-1985', 'DB00008',1.73,65,NULL)
INSERT INTO DanhSachCauThu(MaCauThu, SoAo, HoTen, QuocTich, ViTri, NgaySinh, DoiBong,ChieuCao,CanNang,AnhDaiDien)	VALUES	(176, 22, N'Bùi Văn Sang', N'Việt Nam', 4, '07-14-1985', 'DB00008',1.73,65,NULL)

--9 Sông Lam Nghệ An
INSERT INTO DanhSachCauThu(MaCauThu, SoAo, HoTen, QuocTich, ViTri, NgaySinh, DoiBong,ChieuCao,CanNang,AnhDaiDien)	VALUES	(177, 1, N'Tô Vĩnh Lợi',N'Việt Nam', 1, '05-26-1989', 'DB00009',1.73,65,NULL)
INSERT INTO DanhSachCauThu(MaCauThu, SoAo, HoTen, QuocTich, ViTri, NgaySinh, DoiBong,ChieuCao,CanNang,AnhDaiDien)	VALUES	(178, 10, N'Nguyễn Văn Phú' , N'Argentina', 4, '04-30-1988', 'DB00009',1.73,65,NULL)
INSERT INTO DanhSachCauThu(MaCauThu, SoAo, HoTen, QuocTich, ViTri, NgaySinh, DoiBong,ChieuCao,CanNang,AnhDaiDien)	VALUES	(179, 2, N'Lê Xuân Anh' , N'Việt Nam', 4, '05-26-1989', 'DB00009',1.73,65,NULL)
INSERT INTO DanhSachCauThu(MaCauThu, SoAo, HoTen, QuocTich, ViTri, NgaySinh, DoiBong,ChieuCao,CanNang,AnhDaiDien)	VALUES	(180, 3, N'Mạc Hồng Quân' , N'Việt Nam', 4, '06-25-1982', 'DB00009',1.73,65,NULL)
INSERT INTO DanhSachCauThu(MaCauThu, SoAo, HoTen, QuocTich, ViTri, NgaySinh, DoiBong,ChieuCao,CanNang,AnhDaiDien)	VALUES	(181, 4, N'Nguyễn Xuân Luân' , N'Belgium', 2, '10-10-1984', 'DB00009',1.73,65,NULL)
INSERT INTO DanhSachCauThu(MaCauThu, SoAo, HoTen, QuocTich, ViTri, NgaySinh, DoiBong,ChieuCao,CanNang,AnhDaiDien)	VALUES	(182, 5, N'Lê Đức Tuấn', N'Việt Nam', 3, '05-26-1989', 'DB00009',1.73,65,NULL)
INSERT INTO DanhSachCauThu(MaCauThu, SoAo, HoTen, QuocTich, ViTri, NgaySinh, DoiBong,ChieuCao,CanNang,AnhDaiDien)	VALUES	(183, 6, N'Lê Văn Tân' , N'Việt Nam', 3, '04-30-1988', 'DB00009',1.73,65,NULL)
INSERT INTO DanhSachCauThu(MaCauThu, SoAo, HoTen, QuocTich, ViTri, NgaySinh, DoiBong,ChieuCao,CanNang,AnhDaiDien)	VALUES	(184, 7, N'Lưu Văn Hương' ,  N'Argentina', 3, '06-25-1982', 'DB00009',1.73,65,NULL)
INSERT INTO DanhSachCauThu(MaCauThu, SoAo, HoTen, QuocTich, ViTri, NgaySinh, DoiBong,ChieuCao,CanNang,AnhDaiDien)	VALUES	(185, 8, N'Danny Van Bakel' , N'Belgium', 3, '05-26-1989', 'DB00009',1.73,65,NULL)
INSERT INTO DanhSachCauThu(MaCauThu, SoAo, HoTen, QuocTich, ViTri, NgaySinh, DoiBong,ChieuCao,CanNang,AnhDaiDien)	VALUES	(186, 9, N'Phan Thanh Hưng' , N'Việt Nam', 3, '06-25-1982', 'DB00009',1.73,65,NULL)
INSERT INTO DanhSachCauThu(MaCauThu, SoAo, HoTen, QuocTich, ViTri, NgaySinh, DoiBong,ChieuCao,CanNang,AnhDaiDien)	VALUES	(187, 11, N'Nguyễn Vũ Phong' , N'Việt Nam', 3, '10-10-1984', 'DB00009',1.73,65,NULL)
INSERT INTO DanhSachCauThu(MaCauThu, SoAo, HoTen, QuocTich, ViTri, NgaySinh, DoiBong,ChieuCao,CanNang,AnhDaiDien)	VALUES	(188, 12, N'Trần Hải Lâm' , N'Việt Nam', 3, '07-14-1985', 'DB00009',1.73,65,NULL)
INSERT INTO DanhSachCauThu(MaCauThu, SoAo, HoTen, QuocTich, ViTri, NgaySinh, DoiBong,ChieuCao,CanNang,AnhDaiDien)	VALUES	(189, 13, N'Hoàng Minh Tâm' , N'Việt Nam', 3, '05-26-1989', 'DB00009',1.73,65,NULL)
INSERT INTO DanhSachCauThu(MaCauThu, SoAo, HoTen, QuocTich, ViTri, NgaySinh, DoiBong,ChieuCao,CanNang,AnhDaiDien)	VALUES	(190, 14, N'Phan Đức Lễ' , N'Việt Nam', 2, '10-10-1984', 'DB00009',1.73,65,NULL)
INSERT INTO DanhSachCauThu(MaCauThu, SoAo, HoTen, QuocTich, ViTri, NgaySinh, DoiBong,ChieuCao,CanNang,AnhDaiDien)	VALUES	(191, 15, N'Trần Anh Khoa' , N'Việt Nam', 3, '06-25-1982', 'DB00009',1.73,65,NULL)
INSERT INTO DanhSachCauThu(MaCauThu, SoAo, HoTen, QuocTich, ViTri, NgaySinh, DoiBong,ChieuCao,CanNang,AnhDaiDien)	VALUES	(192, 16, N'Châu Lê Phước Vĩnh' , N'Việt Nam', 2, '10-10-1984', 'DB00009',1.73,65,NULL)
INSERT INTO DanhSachCauThu(MaCauThu, SoAo, HoTen, QuocTich, ViTri, NgaySinh, DoiBong,ChieuCao,CanNang,AnhDaiDien)	VALUES	(193, 17, N'Huỳnh Quốc Anh' , N'Việt Nam', 1, '05-26-1989', 'DB00009',1.73,65,NULL)
INSERT INTO DanhSachCauThu(MaCauThu, SoAo, HoTen, QuocTich, ViTri, NgaySinh, DoiBong,ChieuCao,CanNang,AnhDaiDien)	VALUES	(194, 18, N'Đoàn Hùng Sơn' , N'Việt Nam', 2, '07-14-1985', 'DB00009',1.73,65,NULL)
INSERT INTO DanhSachCauThu(MaCauThu, SoAo, HoTen, QuocTich, ViTri, NgaySinh, DoiBong,ChieuCao,CanNang,AnhDaiDien)	VALUES	(195, 19, N'Hồ Ngọc Thắng' , N'Việt Nam', 2, '06-25-1982', 'DB00009',1.73,65,NULL)
INSERT INTO DanhSachCauThu(MaCauThu, SoAo, HoTen, QuocTich, ViTri, NgaySinh, DoiBong,ChieuCao,CanNang,AnhDaiDien)	VALUES	(196, 20, N'Lê Văn Sáu' , N'Việt Nam', 2, '05-26-1989', 'DB00009',1.73,65,NULL)
INSERT INTO DanhSachCauThu(MaCauThu, SoAo, HoTen, QuocTich, ViTri, NgaySinh, DoiBong,ChieuCao,CanNang,AnhDaiDien)	VALUES	(197, 21, N'Mamic Bojan' , N'Argentina', 4, '07-14-1985', 'DB00009',1.73,65,NULL)
INSERT INTO DanhSachCauThu(MaCauThu, SoAo, HoTen, QuocTich, ViTri, NgaySinh, DoiBong,ChieuCao,CanNang,AnhDaiDien)	VALUES	(198, 22, N'Valentic Adrian', N'bled slovenia', 4, '07-14-1985', 'DB00009',1.73,65,NULL)
--10 Hải Phòng
INSERT INTO DanhSachCauThu(MaCauThu, SoAo, HoTen, QuocTich, ViTri, NgaySinh, DoiBong,ChieuCao,CanNang,AnhDaiDien)	VALUES	(199, 1, N'Đinh Xuân Việt', N'Việt Nam', 1, '05-26-1989', 'DB00010',1.73,65,NULL)
INSERT INTO DanhSachCauThu(MaCauThu, SoAo, HoTen, QuocTich, ViTri, NgaySinh, DoiBong,ChieuCao,CanNang,AnhDaiDien)	VALUES	(200, 10, N'Hoàng Đình Tùng', N'Việt Nam', 4, '04-30-1988', 'DB00010',1.73,65,NULL)
INSERT INTO DanhSachCauThu(MaCauThu, SoAo, HoTen, QuocTich, ViTri, NgaySinh, DoiBong,ChieuCao,CanNang,AnhDaiDien)	VALUES	(201, 2, N'Đinh Tiến Thành', N'Việt Nam', 4, '05-26-1989', 'DB00010',1.73,65,NULL)
INSERT INTO DanhSachCauThu(MaCauThu, SoAo, HoTen, QuocTich, ViTri, NgaySinh, DoiBong,ChieuCao,CanNang,AnhDaiDien)	VALUES	(202, 3, N'Trần Văn Học', N'Việt Nam', 4, '06-25-1982', 'DB00010',1.73,65,NULL)
INSERT INTO DanhSachCauThu(MaCauThu, SoAo, HoTen, QuocTich, ViTri, NgaySinh, DoiBong,ChieuCao,CanNang,AnhDaiDien)	VALUES	(203, 4, N'Nguyễn Minh Châu', N'Belgium', 2, '10-10-1984', 'DB00010',1.73,65,NULL)
INSERT INTO DanhSachCauThu(MaCauThu, SoAo, HoTen, QuocTich, ViTri, NgaySinh, DoiBong,ChieuCao,CanNang,AnhDaiDien)	VALUES	(204, 5, N'Lê Tấn Tài', N'Việt Nam', 3, '05-26-1989', 'DB00010',1.73,65,NULL)
INSERT INTO DanhSachCauThu(MaCauThu, SoAo, HoTen, QuocTich, ViTri, NgaySinh, DoiBong,ChieuCao,CanNang,AnhDaiDien)	VALUES	(205, 6, N'Vũ Văn Hiếu', N'Việt Nam', 3, '04-30-1988', 'DB00010',1.73,65,NULL)
INSERT INTO DanhSachCauThu(MaCauThu, SoAo, HoTen, QuocTich, ViTri, NgaySinh, DoiBong,ChieuCao,CanNang,AnhDaiDien)	VALUES	(206, 7, N'Vũ Thanh Tùng', N'Việt Nam', 3, '06-25-1982', 'DB00010',1.73,65,NULL)
INSERT INTO DanhSachCauThu(MaCauThu, SoAo, HoTen, QuocTich, ViTri, NgaySinh, DoiBong,ChieuCao,CanNang,AnhDaiDien)	VALUES	(207, 8, N'Andre Diego Fagan', N'Belgium', 3, '05-26-1989', 'DB00010',1.73,65,NULL)
INSERT INTO DanhSachCauThu(MaCauThu, SoAo, HoTen, QuocTich, ViTri, NgaySinh, DoiBong,ChieuCao,CanNang,AnhDaiDien)	VALUES	(208, 9, N'Nguyễn Thái Hoàng', N'Việt Nam', 3, '06-25-1982', 'DB00010',1.73,65,NULL)
INSERT INTO DanhSachCauThu(MaCauThu, SoAo, HoTen, QuocTich, ViTri, NgaySinh, DoiBong,ChieuCao,CanNang,AnhDaiDien)	VALUES	(209, 11, N'Vũ Thanh Tùng', N'Việt Nam', 3, '10-10-1984', 'DB00010',1.73,65,NULL)
INSERT INTO DanhSachCauThu(MaCauThu, SoAo, HoTen, QuocTich, ViTri, NgaySinh, DoiBong,ChieuCao,CanNang,AnhDaiDien)	VALUES	(210, 12, N'Nguyễn Quang Hải', N'Việt Nam', 3, '07-14-1985', 'DB00010',1.73,65,NULL)
INSERT INTO DanhSachCauThu(MaCauThu, SoAo, HoTen, QuocTich, ViTri, NgaySinh, DoiBong,ChieuCao,CanNang,AnhDaiDien)	VALUES	(211, 13, N'Hoàng Ngọc Hùng', N'Việt Nam', 3, '05-26-1989', 'DB00010',1.73,65,NULL)
INSERT INTO DanhSachCauThu(MaCauThu, SoAo, HoTen, QuocTich, ViTri, NgaySinh, DoiBong,ChieuCao,CanNang,AnhDaiDien)	VALUES	(212, 14, N'Đào Văn Phong', N'Việt Nam', 2, '10-10-1984', 'DB00010',1.73,65,NULL)
INSERT INTO DanhSachCauThu(MaCauThu, SoAo, HoTen, QuocTich, ViTri, NgaySinh, DoiBong,ChieuCao,CanNang,AnhDaiDien)	VALUES	(213, 15, N'Nguyễn Văn Đại', N'Việt Nam', 3, '06-25-1982', 'DB00010',1.73,65,NULL)
INSERT INTO DanhSachCauThu(MaCauThu, SoAo, HoTen, QuocTich, ViTri, NgaySinh, DoiBong,ChieuCao,CanNang,AnhDaiDien)	VALUES	(214, 16, N'Lê Văn Phú', N'Argentina', 2, '10-10-1984', 'DB00010',1.73,65,NULL)
INSERT INTO DanhSachCauThu(MaCauThu, SoAo, HoTen, QuocTich, ViTri, NgaySinh, DoiBong,ChieuCao,CanNang,AnhDaiDien)	VALUES	(215, 17, N'Trần Ngọc Anh', N'Việt Nam', 2, '05-26-1989', 'DB00010',1.73,65,NULL)
INSERT INTO DanhSachCauThu(MaCauThu, SoAo, HoTen, QuocTich, ViTri, NgaySinh, DoiBong,ChieuCao,CanNang,AnhDaiDien)	VALUES	(216, 18, N'Nguyễn Văn Tùng', N'Việt Nam', 2, '07-14-1985', 'DB00010',1.73,65,NULL)
INSERT INTO DanhSachCauThu(MaCauThu, SoAo, HoTen, QuocTich, ViTri, NgaySinh, DoiBong,ChieuCao,CanNang,AnhDaiDien)	VALUES	(217, 19, N'Nguyễn Thanh Thắng ', N'Nga', 2, '06-25-1982', 'DB00010',1.73,65,NULL)
INSERT INTO DanhSachCauThu(MaCauThu, SoAo, HoTen, QuocTich, ViTri, NgaySinh, DoiBong,ChieuCao,CanNang,AnhDaiDien)	VALUES	(218, 20, N'Nguyễn Văn Nam', N'Belgium', 2, '05-26-1989', 'DB00010',1.73,65,NULL)
INSERT INTO DanhSachCauThu(MaCauThu, SoAo, HoTen, QuocTich, ViTri, NgaySinh, DoiBong,ChieuCao,CanNang,AnhDaiDien)	VALUES	(219, 21, N'Justice Majabvi', N'Argentina', 4, '07-14-1985', 'DB00010',1.73,65,NULL)
INSERT INTO DanhSachCauThu(MaCauThu, SoAo, HoTen, QuocTich, ViTri, NgaySinh, DoiBong,ChieuCao,CanNang,AnhDaiDien)	VALUES	(220, 22, N'Đồng Đức Thắng', N'bled slovenia', 1, '07-14-1985', 'DB00010',1.73,65,NULL)
--11 Hoàng Anh Gia Lai
INSERT INTO DanhSachCauThu(MaCauThu, SoAo, HoTen, QuocTich, ViTri, NgaySinh, DoiBong,ChieuCao,CanNang,AnhDaiDien)	VALUES	(221, 1, N'Phạm Mạnh Tiến', N'Việt Nam', 1, '05-26-1989', 'DB00014',1.73,65,NULL)
INSERT INTO DanhSachCauThu(MaCauThu, SoAo, HoTen, QuocTich, ViTri, NgaySinh, DoiBong,ChieuCao,CanNang,AnhDaiDien)	VALUES	(222, 10, N'Nguyễn Công Phượng', N'Việt Nam', 4, '04-30-1988', 'DB00014',1.73,65,NULL)
INSERT INTO DanhSachCauThu(MaCauThu, SoAo, HoTen, QuocTich, ViTri, NgaySinh, DoiBong,ChieuCao,CanNang,AnhDaiDien)	VALUES	(223, 2, N'Nguyễn Văn Toàn', N'Việt Nam', 4, '05-26-1989', 'DB00014',1.73,65,NULL)
INSERT INTO DanhSachCauThu(MaCauThu, SoAo, HoTen, QuocTich, ViTri, NgaySinh, DoiBong,ChieuCao,CanNang,AnhDaiDien)	VALUES	(224, 3, N'Trần Hữu Đông Triều', N'Việt Nam', 2, '06-25-1982', 'DB00014',1.73,65,NULL)
INSERT INTO DanhSachCauThu(MaCauThu, SoAo, HoTen, QuocTich, ViTri, NgaySinh, DoiBong,ChieuCao,CanNang,AnhDaiDien)	VALUES	(225, 4, N'Phan Văn Lâm', N'Việt Nam', 2, '10-10-1984', 'DB00014',1.73,65,NULL)
INSERT INTO DanhSachCauThu(MaCauThu, SoAo, HoTen, QuocTich, ViTri, NgaySinh, DoiBong,ChieuCao,CanNang,AnhDaiDien)	VALUES	(226, 69,N'Nguyễn Hữu Xuân', N'Việt Nam', 3, '05-26-1989', 'DB00014',1.73,65,NULL)
INSERT INTO DanhSachCauThu(MaCauThu, SoAo, HoTen, QuocTich, ViTri, NgaySinh, DoiBong,ChieuCao,CanNang,AnhDaiDien)	VALUES	(227, 6, N'Lương Xuân Trường', N'Việt Nam', 3, '04-30-1988', 'DB00014',1.73,65,NULL)
INSERT INTO DanhSachCauThu(MaCauThu, SoAo, HoTen, QuocTich, ViTri, NgaySinh, DoiBong,ChieuCao,CanNang,AnhDaiDien)	VALUES	(228, 7, N'Trần Ngọc Duy', N'Việt Nam', 3, '06-25-1982', 'DB00014',1.73,65,NULL)
INSERT INTO DanhSachCauThu(MaCauThu, SoAo, HoTen, QuocTich, ViTri, NgaySinh, DoiBong,ChieuCao,CanNang,AnhDaiDien)	VALUES	(229, 8, N'Nguyễn Tuấn Anh', N'Việt Nam', 3, '05-26-1989', 'DB00014',1.73,65,NULL)
INSERT INTO DanhSachCauThu(MaCauThu, SoAo, HoTen, QuocTich, ViTri, NgaySinh, DoiBong,ChieuCao,CanNang,AnhDaiDien)	VALUES	(230, 9, N'Trịnh Nguyên Mạnh', N'Việt Nam', 3, '06-25-1982', 'DB00014',1.73,65,NULL)
INSERT INTO DanhSachCauThu(MaCauThu, SoAo, HoTen, QuocTich, ViTri, NgaySinh, DoiBong,ChieuCao,CanNang,AnhDaiDien)	VALUES	(231, 11, N'Lê Hữu Phúc', N'Việt Nam', 3, '10-10-1984', 'DB00014',1.73,65,NULL)
INSERT INTO DanhSachCauThu(MaCauThu, SoAo, HoTen, QuocTich, ViTri, NgaySinh, DoiBong,ChieuCao,CanNang,AnhDaiDien)	VALUES	(232, 12, N'Phan Văn Long', N'Việt Nam', 3, '07-14-1985', 'DB00014',1.73,65,NULL)
INSERT INTO DanhSachCauThu(MaCauThu, SoAo, HoTen, QuocTich, ViTri, NgaySinh, DoiBong,ChieuCao,CanNang,AnhDaiDien)	VALUES	(233, 13, N'Trần Ngọc Khá', N'Việt Nam', 3, '05-26-1989', 'DB00014',1.73,65,NULL)
INSERT INTO DanhSachCauThu(MaCauThu, SoAo, HoTen, QuocTich, ViTri, NgaySinh, DoiBong,ChieuCao,CanNang,AnhDaiDien)	VALUES	(234, 14, N'Đỗ Hồng Phúc', N'Việt Nam', 2, '10-10-1984', 'DB00014',1.73,65,NULL)
INSERT INTO DanhSachCauThu(MaCauThu, SoAo, HoTen, QuocTich, ViTri, NgaySinh, DoiBong,ChieuCao,CanNang,AnhDaiDien)	VALUES	(235, 15, N'Trương Minh Quân', N'Việt Nam', 3, '06-25-1982', 'DB00014',1.73,65,NULL)
INSERT INTO DanhSachCauThu(MaCauThu, SoAo, HoTen, QuocTich, ViTri, NgaySinh, DoiBong,ChieuCao,CanNang,AnhDaiDien)	VALUES	(236, 16, N'Lê Văn Phát', N'Việt Nam', 2, '10-10-1984', 'DB00014',1.73,65,NULL)
INSERT INTO DanhSachCauThu(MaCauThu, SoAo, HoTen, QuocTich, ViTri, NgaySinh, DoiBong,ChieuCao,CanNang,AnhDaiDien)	VALUES	(237, 17, N'Phan Đăng Huy', N'Việt Nam', 1, '05-26-1989', 'DB00014',1.73,65,NULL)
INSERT INTO DanhSachCauThu(MaCauThu, SoAo, HoTen, QuocTich, ViTri, NgaySinh, DoiBong,ChieuCao,CanNang,AnhDaiDien)	VALUES	(238, 18, N'Phạm Cao', N'Việt Nam', 2, '07-14-1985', 'DB00014',1.73,65,NULL)
INSERT INTO DanhSachCauThu(MaCauThu, SoAo, HoTen, QuocTich, ViTri, NgaySinh, DoiBong,ChieuCao,CanNang,AnhDaiDien)	VALUES	(239, 19, N'Nguyễn Công Lý', N'Việt Nam', 2, '06-25-1982', 'DB00014',1.73,65,NULL)
INSERT INTO DanhSachCauThu(MaCauThu, SoAo, HoTen, QuocTich, ViTri, NgaySinh, DoiBong,ChieuCao,CanNang,AnhDaiDien)	VALUES	(240, 20, N'Lê Hoài Linh', N'Việt Nam', 2, '05-26-1989', 'DB00014',1.73,65,NULL)
INSERT INTO DanhSachCauThu(MaCauThu, SoAo, HoTen, QuocTich, ViTri, NgaySinh, DoiBong,ChieuCao,CanNang,AnhDaiDien)	VALUES	(241, 21, N'Trần Thái Thượng', N'Việt Nam', 4, '07-14-1985', 'DB00014',1.73,65,NULL)
INSERT INTO DanhSachCauThu(MaCauThu, SoAo, HoTen, QuocTich, ViTri, NgaySinh, DoiBong,ChieuCao,CanNang,AnhDaiDien)	VALUES	(242, 22, N'Huỳnh Minh Nhật', N'Việt Nam', 4, '07-14-1985', 'DB00014',1.73,65,NULL)
--Khánh Hòa
INSERT INTO DanhSachCauThu(MaCauThu, SoAo, HoTen, QuocTich, ViTri, NgaySinh, DoiBong,ChieuCao,CanNang,AnhDaiDien)	VALUES	(243, 1, N'Nguyễn Văn Hưng', N'Việt Nam', 1, '05-26-1989', 'DB00011',1.73,65,NULL)
INSERT INTO DanhSachCauThu(MaCauThu, SoAo, HoTen, QuocTich, ViTri, NgaySinh, DoiBong,ChieuCao,CanNang,AnhDaiDien)	VALUES	(244, 10, N'Nguyễn Xuân Luân', N'Argentina', 4, '04-30-1988', 'DB00011',1.73,65,NULL)
INSERT INTO DanhSachCauThu(MaCauThu, SoAo, HoTen, QuocTich, ViTri, NgaySinh, DoiBong,ChieuCao,CanNang,AnhDaiDien)	VALUES	(245, 2, N'Phan Thanh Vân', N'Việt Nam', 4, '05-26-1989', 'DB00011',1.73,65,NULL)
INSERT INTO DanhSachCauThu(MaCauThu, SoAo, HoTen, QuocTich, ViTri, NgaySinh, DoiBong,ChieuCao,CanNang,AnhDaiDien)	VALUES	(246, 3, N'Nguyễn Quốc Hiền', N'Việt Nam', 4, '06-25-1982', 'DB00011',1.73,65,NULL)
INSERT INTO DanhSachCauThu(MaCauThu, SoAo, HoTen, QuocTich, ViTri, NgaySinh, DoiBong,ChieuCao,CanNang,AnhDaiDien)	VALUES	(247, 4, N'Đinh Thanh Trung', N'Belgium', 2, '10-10-1984', 'DB00011',1.73,65,NULL)
INSERT INTO DanhSachCauThu(MaCauThu, SoAo, HoTen, QuocTich, ViTri, NgaySinh, DoiBong,ChieuCao,CanNang,AnhDaiDien)	VALUES	(248, 5, N'Trần Trọng Lộc', N'Việt Nam', 3, '05-26-1989', 'DB00011',1.73,65,NULL)
INSERT INTO DanhSachCauThu(MaCauThu, SoAo, HoTen, QuocTich, ViTri, NgaySinh, DoiBong,ChieuCao,CanNang,AnhDaiDien)	VALUES	(249, 6, N'	Lê Công Vinh', N'Việt Nam', 3, '04-30-1988', 'DB00011',1.73,65,NULL)
INSERT INTO DanhSachCauThu(MaCauThu, SoAo, HoTen, QuocTich, ViTri, NgaySinh, DoiBong,ChieuCao,CanNang,AnhDaiDien)	VALUES	(250, 7, N'Nguyễn Văn Vinh', N'Argentina', 3, '06-25-1982', 'DB00011',1.73,65,NULL)
INSERT INTO DanhSachCauThu(MaCauThu, SoAo, HoTen, QuocTich, ViTri, NgaySinh, DoiBong,ChieuCao,CanNang,AnhDaiDien)	VALUES	(251, 8, N'Ngô Đức Thắng', N'Belgium', 3, '05-26-1989', 'DB00011',1.73,65,NULL)
INSERT INTO DanhSachCauThu(MaCauThu, SoAo, HoTen, QuocTich, ViTri, NgaySinh, DoiBong,ChieuCao,CanNang,AnhDaiDien)	VALUES	(252, 9, N'Nguyễn Đại Đồng', N'Việt Nam', 3, '06-25-1982', 'DB00011',1.73,65,NULL)
INSERT INTO DanhSachCauThu(MaCauThu, SoAo, HoTen, QuocTich, ViTri, NgaySinh, DoiBong,ChieuCao,CanNang,AnhDaiDien)	VALUES	(253, 11, N'Nguyễn Hải Nam', N'Việt Nam', 3, '10-10-1984', 'DB00011',1.73,65,NULL)
INSERT INTO DanhSachCauThu(MaCauThu, SoAo, HoTen, QuocTich, ViTri, NgaySinh, DoiBong,ChieuCao,CanNang,AnhDaiDien)	VALUES	(254, 12, N'Trần Đức Cường', N'Việt Nam', 3, '07-14-1985', 'DB00011',1.73,65,NULL)
INSERT INTO DanhSachCauThu(MaCauThu, SoAo, HoTen, QuocTich, ViTri, NgaySinh, DoiBong,ChieuCao,CanNang,AnhDaiDien)	VALUES	(255, 13, N'Chu Ngọc Anh', N'Việt Nam', 3, '05-26-1989', 'DB00011',1.73,65,NULL)
INSERT INTO DanhSachCauThu(MaCauThu, SoAo, HoTen, QuocTich, ViTri, NgaySinh, DoiBong,ChieuCao,CanNang,AnhDaiDien)	VALUES	(256, 14, N'Trần Đình Hưng', N'Việt Nam', 2, '10-10-1984', 'DB00011',1.73,65,NULL)
INSERT INTO DanhSachCauThu(MaCauThu, SoAo, HoTen, QuocTich, ViTri, NgaySinh, DoiBong,ChieuCao,CanNang,AnhDaiDien)	VALUES	(257, 15, N'Phạm Hải Nam', N'Việt Nam', 3, '06-25-1982', 'DB00011',1.73,65,NULL)
INSERT INTO DanhSachCauThu(MaCauThu, SoAo, HoTen, QuocTich, ViTri, NgaySinh, DoiBong,ChieuCao,CanNang,AnhDaiDien)	VALUES	(258, 16, N'Nguyễn Công Minh', N'Argentina', 2, '10-10-1984', 'DB00011',1.73,65,NULL)
INSERT INTO DanhSachCauThu(MaCauThu, SoAo, HoTen, QuocTich, ViTri, NgaySinh, DoiBong,ChieuCao,CanNang,AnhDaiDien)	VALUES	(259, 17, N'Nguyễn Việt Anh', N'Việt Nam', 1, '05-26-1989', 'DB00011',1.73,65,NULL)
INSERT INTO DanhSachCauThu(MaCauThu, SoAo, HoTen, QuocTich, ViTri, NgaySinh, DoiBong,ChieuCao,CanNang,AnhDaiDien)	VALUES	(260, 18, N'Nguyễn Ngọc Anh', N'Việt Nam', 2, '07-14-1985', 'DB00011',1.73,65,NULL)
INSERT INTO DanhSachCauThu(MaCauThu, SoAo, HoTen, QuocTich, ViTri, NgaySinh, DoiBong,ChieuCao,CanNang,AnhDaiDien)	VALUES	(261, 19, N'Brewah Aluspah', N'Nga', 2, '06-25-1982', 'DB00011',1.73,65,NULL)
INSERT INTO DanhSachCauThu(MaCauThu, SoAo, HoTen, QuocTich, ViTri, NgaySinh, DoiBong,ChieuCao,CanNang,AnhDaiDien)	VALUES	(262, 20, N'Ezeocha O. Ambrose', N'Belgium', 2, '05-26-1989', 'DB00011',1.73,65,NULL)
INSERT INTO DanhSachCauThu(MaCauThu, SoAo, HoTen, QuocTich, ViTri, NgaySinh, DoiBong,ChieuCao,CanNang,AnhDaiDien)	VALUES	(263, 21, N'Simplice Mboussi', N'Argentina', 4, '07-14-1985', 'DB00011',1.73,65,NULL)
INSERT INTO DanhSachCauThu(MaCauThu, SoAo, HoTen, QuocTich, ViTri, NgaySinh, DoiBong,ChieuCao,CanNang,AnhDaiDien)	VALUES	(264, 22, N'Eder Richartz', N'bled slovenia', 4, '07-14-1985', 'DB00011',1.73,65,NULL)
--QNK Quảng Nam
INSERT INTO DanhSachCauThu(MaCauThu, SoAo, HoTen, QuocTich, ViTri, NgaySinh, DoiBong,ChieuCao,CanNang,AnhDaiDien)	VALUES	(265, 1, N'Dương Hồng Sơn', N'Việt Nam', 1, '05-26-1989', 'DB00004',1.73,65,NULL)
INSERT INTO DanhSachCauThu(MaCauThu, SoAo, HoTen, QuocTich, ViTri, NgaySinh, DoiBong,ChieuCao,CanNang,AnhDaiDien)	VALUES	(266, 10, N'Nguyễn Văn Quyết		', N'Argentina', 4, '04-30-1988', 'DB00004',1.73,65,NULL)
INSERT INTO DanhSachCauThu(MaCauThu, SoAo, HoTen, QuocTich, ViTri, NgaySinh, DoiBong,ChieuCao,CanNang,AnhDaiDien)	VALUES	(267, 2, N'Nguyễn Văn Biển	', N'Việt Nam', 4, '05-26-1989', 'DB00004',1.73,65,NULL)
INSERT INTO DanhSachCauThu(MaCauThu, SoAo, HoTen, QuocTich, ViTri, NgaySinh, DoiBong,ChieuCao,CanNang,AnhDaiDien)	VALUES	(268, 3, N'Bùi Văn Hiếu	', N'Việt Nam', 4, '06-25-1982', 'DB00004',1.73,65,NULL)
INSERT INTO DanhSachCauThu(MaCauThu, SoAo, HoTen, QuocTich, ViTri, NgaySinh, DoiBong,ChieuCao,CanNang,AnhDaiDien)	VALUES	(269, 4, N'Hughton Hector Kerin	', N'Belgium', 2, '10-10-1984', 'DB00004',1.73,65,NULL)
INSERT INTO DanhSachCauThu(MaCauThu, SoAo, HoTen, QuocTich, ViTri, NgaySinh, DoiBong,ChieuCao,CanNang,AnhDaiDien)	VALUES	(270, 5, N'Phạm Văn Thành', N'Việt Nam', 3, '05-26-1989', 'DB00004',1.73,65,NULL)
INSERT INTO DanhSachCauThu(MaCauThu, SoAo, HoTen, QuocTich, ViTri, NgaySinh, DoiBong,ChieuCao,CanNang,AnhDaiDien)	VALUES	(271, 6, N'Nguyễn Đại Đồng', N'Việt Nam', 3, '04-30-1988', 'DB00004',1.73,65,NULL)
INSERT INTO DanhSachCauThu(MaCauThu, SoAo, HoTen, QuocTich, ViTri, NgaySinh, DoiBong,ChieuCao,CanNang,AnhDaiDien)	VALUES	(272, 7, N'Dương Thanh Hào', N'Việt Nam', 3, '06-25-1982', 'DB00004',1.73,65,NULL)
INSERT INTO DanhSachCauThu(MaCauThu, SoAo, HoTen, QuocTich, ViTri, NgaySinh, DoiBong,ChieuCao,CanNang,AnhDaiDien)	VALUES	(273, 8, N'Phạm Thành Lương', N'Việt Nam', 3, '05-26-1989', 'DB00004',1.73,65,NULL)
INSERT INTO DanhSachCauThu(MaCauThu, SoAo, HoTen, QuocTich, ViTri, NgaySinh, DoiBong,ChieuCao,CanNang,AnhDaiDien)	VALUES	(274, 9, N'Nguyễn Hồng Tiến', N'Việt Nam', 3, '06-25-1982', 'DB00004',1.73,65,NULL)
INSERT INTO DanhSachCauThu(MaCauThu, SoAo, HoTen, QuocTich, ViTri, NgaySinh, DoiBong,ChieuCao,CanNang,AnhDaiDien)	VALUES	(275, 11, N'Nguyễn Minh Hải	', N'Việt Nam', 3, '10-10-1984', 'DB00004',1.73,65,NULL)
INSERT INTO DanhSachCauThu(MaCauThu, SoAo, HoTen, QuocTich, ViTri, NgaySinh, DoiBong,ChieuCao,CanNang,AnhDaiDien)	VALUES	(276, 12, N'Lê Văn Nghĩa', N'Việt Nam', 3, '07-14-1985', 'DB00004',1.73,65,NULL)
INSERT INTO DanhSachCauThu(MaCauThu, SoAo, HoTen, QuocTich, ViTri, NgaySinh, DoiBong,ChieuCao,CanNang,AnhDaiDien)	VALUES	(277, 13, N'Nguyễn Ngọc Duy	', N'Việt Nam', 3, '05-26-1989', 'DB00004',1.73,65,NULL)
INSERT INTO DanhSachCauThu(MaCauThu, SoAo, HoTen, QuocTich, ViTri, NgaySinh, DoiBong,ChieuCao,CanNang,AnhDaiDien)	VALUES	(278, 14, N'Trần Đức Trung', N'Việt Nam', 2, '10-10-1984', 'DB00004',1.73,65,NULL)
INSERT INTO DanhSachCauThu(MaCauThu, SoAo, HoTen, QuocTich, ViTri, NgaySinh, DoiBong,ChieuCao,CanNang,AnhDaiDien)	VALUES	(279, 15, N'Nguyễn Quốc Long', N'Việt Nam', 3, '06-25-1982', 'DB00004',1.73,65,NULL)
INSERT INTO DanhSachCauThu(MaCauThu, SoAo, HoTen, QuocTich, ViTri, NgaySinh, DoiBong,ChieuCao,CanNang,AnhDaiDien)	VALUES	(280, 16, N'Gonzalo Damian Marronkle', N'Argentina', 2, '10-10-1984', 'DB00004',1.73,65,NULL)
INSERT INTO DanhSachCauThu(MaCauThu, SoAo, HoTen, QuocTich, ViTri, NgaySinh, DoiBong,ChieuCao,CanNang,AnhDaiDien)	VALUES	(281, 17, N'Hoàng Vũ Samson', N'Việt Nam', 1, '05-26-1989', 'DB00004',1.73,65,NULL)
INSERT INTO DanhSachCauThu(MaCauThu, SoAo, HoTen, QuocTich, ViTri, NgaySinh, DoiBong,ChieuCao,CanNang,AnhDaiDien)	VALUES	(282, 18, N'Nguyễn Văn Công', N'Việt Nam', 2, '07-14-1985', 'DB00004',1.73,65,NULL)
INSERT INTO DanhSachCauThu(MaCauThu, SoAo, HoTen, QuocTich, ViTri, NgaySinh, DoiBong,ChieuCao,CanNang,AnhDaiDien)	VALUES	(283, 19, N'Ngô Tuấn Tùng', N'Nga', 2, '06-25-1982', 'DB00004',1.73,65,NULL)
INSERT INTO DanhSachCauThu(MaCauThu, SoAo, HoTen, QuocTich, ViTri, NgaySinh, DoiBong,ChieuCao,CanNang,AnhDaiDien)	VALUES	(284, 20, N'Sầm Ngọc Đức', N'Việt Nam', 2, '05-26-1989', 'DB00004',1.73,65,NULL)
INSERT INTO DanhSachCauThu(MaCauThu, SoAo, HoTen, QuocTich, ViTri, NgaySinh, DoiBong,ChieuCao,CanNang,AnhDaiDien)	VALUES	(285, 21, N'Nguyễn Huy Tân', N'Việt Nam', 4, '07-14-1985', 'DB00004',1.73,65,NULL)
INSERT INTO DanhSachCauThu(MaCauThu, SoAo, HoTen, QuocTich, ViTri, NgaySinh, DoiBong,ChieuCao,CanNang,AnhDaiDien)	VALUES	(286, 22, N'Trần Đức Trung', N'Việt Nam', 4, '07-14-1985', 'DB00004',1.73,65,NULL)
--SHB Đà Nẵng
INSERT INTO DanhSachCauThu(MaCauThu, SoAo, HoTen, QuocTich, ViTri, NgaySinh, DoiBong,ChieuCao,CanNang,AnhDaiDien)	VALUES	(287, 1, N'Phạm Văn Khải', N'Việt Nam', 1, '05-26-1989', 'DB00013',1.73,65,NULL)
INSERT INTO DanhSachCauThu(MaCauThu, SoAo, HoTen, QuocTich, ViTri, NgaySinh, DoiBong,ChieuCao,CanNang,AnhDaiDien)	VALUES	(288, 10, N'Phồng Quang Trung', N'Argentina', 4, '04-30-1988', 'DB00013',1.73,65,NULL)
INSERT INTO DanhSachCauThu(MaCauThu, SoAo, HoTen, QuocTich, ViTri, NgaySinh, DoiBong,ChieuCao,CanNang,AnhDaiDien)	VALUES	(289, 2, N' Võ Huy Toàn', N'Việt Nam', 4, '05-26-1989', 'DB00013',1.73,65,NULL)
INSERT INTO DanhSachCauThu(MaCauThu, SoAo, HoTen, QuocTich, ViTri, NgaySinh, DoiBong,ChieuCao,CanNang,AnhDaiDien)	VALUES	(290, 3, N'Trần Văn Học', N'Việt Nam', 4, '06-25-1982', 'DB00013',1.73,65,NULL)
INSERT INTO DanhSachCauThu(MaCauThu, SoAo, HoTen, QuocTich, ViTri, NgaySinh, DoiBong,ChieuCao,CanNang,AnhDaiDien)	VALUES	(291, 4, N'Võ Hoàng Quãng', N'Belgium', 2, '10-10-1984', 'DB00013',1.73,65,NULL)
INSERT INTO DanhSachCauThu(MaCauThu, SoAo, HoTen, QuocTich, ViTri, NgaySinh, DoiBong,ChieuCao,CanNang,AnhDaiDien)	VALUES	(292, 5, N'Nguyễn Minh Phương', N'Việt Nam', 3, '05-26-1989', 'DB00013',1.73,65,NULL)
INSERT INTO DanhSachCauThu(MaCauThu, SoAo, HoTen, QuocTich, ViTri, NgaySinh, DoiBong,ChieuCao,CanNang,AnhDaiDien)	VALUES	(293, 6, N'Ngô Quang Huy', N'Việt Nam', 3, '04-30-1988', 'DB00013',1.73,65,NULL)
INSERT INTO DanhSachCauThu(MaCauThu, SoAo, HoTen, QuocTich, ViTri, NgaySinh, DoiBong,ChieuCao,CanNang,AnhDaiDien)	VALUES	(294, 7, N' Trần Hữu Thụ', N'Việt Nam', 3, '06-25-1982', 'DB00013',1.73,65,NULL)
INSERT INTO DanhSachCauThu(MaCauThu, SoAo, HoTen, QuocTich, ViTri, NgaySinh, DoiBong,ChieuCao,CanNang,AnhDaiDien)	VALUES	(295, 8, N'Nguyễn Vũ Phong', N'Belgium', 3, '05-26-1989', 'DB00013',1.73,65,NULL)
INSERT INTO DanhSachCauThu(MaCauThu, SoAo, HoTen, QuocTich, ViTri, NgaySinh, DoiBong,ChieuCao,CanNang,AnhDaiDien)	VALUES	(296, 9, N'Đoàn Hùng Sơn', N'Việt Nam', 3, '06-25-1982', 'DB00013',1.73,65,NULL)
INSERT INTO DanhSachCauThu(MaCauThu, SoAo, HoTen, QuocTich, ViTri, NgaySinh, DoiBong,ChieuCao,CanNang,AnhDaiDien)	VALUES	(297, 11, N'Lê Văn Hưng', N'Việt Nam', 3, '10-10-1984', 'DB00013',1.73,65,NULL)
INSERT INTO DanhSachCauThu(MaCauThu, SoAo, HoTen, QuocTich, ViTri, NgaySinh, DoiBong,ChieuCao,CanNang,AnhDaiDien)	VALUES	(298, 12, N' Mai Thanh Nam', N'Việt Nam', 3, '07-14-1985', 'DB00013',1.73,65,NULL)
INSERT INTO DanhSachCauThu(MaCauThu, SoAo, HoTen, QuocTich, ViTri, NgaySinh, DoiBong,ChieuCao,CanNang,AnhDaiDien)	VALUES	(299, 13, N'Nguyễn Hữu Cầu', N'Việt Nam', 3, '05-26-1989', 'DB00013',1.73,65,NULL)
INSERT INTO DanhSachCauThu(MaCauThu, SoAo, HoTen, QuocTich, ViTri, NgaySinh, DoiBong,ChieuCao,CanNang,AnhDaiDien)	VALUES	(300, 14, N'Lê Long Tài', N'Việt Nam', 2, '10-10-1984', 'DB00013',1.73,65,NULL)
INSERT INTO DanhSachCauThu(MaCauThu, SoAo, HoTen, QuocTich, ViTri, NgaySinh, DoiBong,ChieuCao,CanNang,AnhDaiDien)	VALUES	(301, 15, N'Phan Duy Lam', N'Việt Nam', 3, '06-25-1982', 'DB00013',1.73,65,NULL)
INSERT INTO DanhSachCauThu(MaCauThu, SoAo, HoTen, QuocTich, ViTri, NgaySinh, DoiBong,ChieuCao,CanNang,AnhDaiDien)	VALUES	(302, 16, N' Ychaly Êban', N'Nam Phi', 2, '10-10-1984', 'DB00013',1.73,65,NULL)
INSERT INTO DanhSachCauThu(MaCauThu, SoAo, HoTen, QuocTich, ViTri, NgaySinh, DoiBong,ChieuCao,CanNang,AnhDaiDien)	VALUES	(303, 17, N' Trần Anh Khoa', N'Việt Nam', 1, '05-26-1989', 'DB00013',1.73,65,NULL)
INSERT INTO DanhSachCauThu(MaCauThu, SoAo, HoTen, QuocTich, ViTri, NgaySinh, DoiBong,ChieuCao,CanNang,AnhDaiDien)	VALUES	(304, 18, N'Huỳnh Quốc Anh', N'Việt Nam', 2, '07-14-1985', 'DB00013',1.73,65,NULL)
INSERT INTO DanhSachCauThu(MaCauThu, SoAo, HoTen, QuocTich, ViTri, NgaySinh, DoiBong,ChieuCao,CanNang,AnhDaiDien)	VALUES	(305, 19, N'Phan Văn Long', N'Việt Nam', 2, '06-25-1982', 'DB00013',1.73,65,NULL)
INSERT INTO DanhSachCauThu(MaCauThu, SoAo, HoTen, QuocTich, ViTri, NgaySinh, DoiBong,ChieuCao,CanNang,AnhDaiDien)	VALUES	(306, 20, N'Hoàng Minh Tâm', N'Việt Nam', 2, '05-26-1989', 'DB00013',1.73,65,NULL)
INSERT INTO DanhSachCauThu(MaCauThu, SoAo, HoTen, QuocTich, ViTri, NgaySinh, DoiBong,ChieuCao,CanNang,AnhDaiDien)	VALUES	(307, 21, N' Perez Rousseaux Yaikel', N'Ghana', 4, '07-14-1985', 'DB00013',1.73,65,NULL)
INSERT INTO DanhSachCauThu(MaCauThu, SoAo, HoTen, QuocTich, ViTri, NgaySinh, DoiBong,ChieuCao,CanNang,AnhDaiDien)	VALUES	(308, 22, N' Trần Hải Lâm', N'Việt Nam', 4, '07-14-1985', 'DB00013',1.73,65,NULL)
-- SÂN VẬN ĐỘNG
INSERT INTO SanVanDong(MaSan, TenSan, DoiBongSoHuu, NgayKhanhThanh, SucChua, KichThuoc)	VALUES	('SVD0001', N'Sân Gò Đậu', 'DB00001', '1993', 42449,7140 )
INSERT INTO SanVanDong(MaSan, TenSan, DoiBongSoHuu, NgayKhanhThanh, SucChua, KichThuoc)	VALUES	('SVD0010', N'Sân Lạch Tray', 'DB00010', '2006',60432 ,7652 )
INSERT INTO SanVanDong(MaSan, TenSan, DoiBongSoHuu, NgayKhanhThanh, SucChua, KichThuoc)	VALUES	('SVD0013 ', N'Sân Chi Lăng', 'DB00013', '1910',75000 , 7741)
INSERT INTO SanVanDong(MaSan, TenSan, DoiBongSoHuu, NgayKhanhThanh, SucChua, KichThuoc)	VALUES	('SVD0014', N'Sân vận động Gia Lai', 'DB00014', '2005',70000 , 7480)
INSERT INTO SanVanDong(MaSan, TenSan, DoiBongSoHuu, NgayKhanhThanh, SucChua, KichThuoc)	VALUES	('SVD0003', N'Sân vận động Cần Thơ', 'DB00003', '12-28-1990', 78000, 7666)
INSERT INTO SanVanDong(MaSan, TenSan, DoiBongSoHuu, NgayKhanhThanh, SucChua, KichThuoc)	VALUES	('SVD0005', N'Sân vận động Đồng Nai', 'DB00005', '03-17-1980',85000 ,8120 )
INSERT INTO SanVanDong(MaSan, TenSan, DoiBongSoHuu, NgayKhanhThanh, SucChua, KichThuoc)	VALUES	('SVD0012', N'Sân vận động Thanh Hóa', 'DB00012', '1957', 99570, 9100)
INSERT INTO SanVanDong(MaSan, TenSan, DoiBongSoHuu, NgayKhanhThanh, SucChua, KichThuoc)	VALUES	('SVD0008', N'Sân vận động Long An', 'DB00008', '2010',60000 , 7190)
INSERT INTO SanVanDong(MaSan, TenSan, DoiBongSoHuu, NgayKhanhThanh, SucChua, KichThuoc)	VALUES	('SVD0006', N'Sân vận động Quảng Ninh', 'DB00006', '1993', 42449,7140 )
INSERT INTO SanVanDong(MaSan, TenSan, DoiBongSoHuu, NgayKhanhThanh, SucChua, KichThuoc)	VALUES	('SVD0004', N'Sân vận động Quảng Nam', 'DB00004', '2006',60432 ,7652 )
INSERT INTO SanVanDong(MaSan, TenSan, DoiBongSoHuu, NgayKhanhThanh, SucChua, KichThuoc)	VALUES	('SVD0011', N'Sân vận động Nha Trang', 'DB00011', '1910',75000 , 7741)
INSERT INTO SanVanDong(MaSan, TenSan, DoiBongSoHuu, NgayKhanhThanh, SucChua, KichThuoc)	VALUES	('SVD0007', N'Sân Hàng Đẫy', 'DB00007', '2005',70000 , 7480)
INSERT INTO SanVanDong(MaSan, TenSan, DoiBongSoHuu, NgayKhanhThanh, SucChua, KichThuoc)	VALUES	('SVD0002', N'Sân vận động Đồng Tháp', 'DB00002', '12-28-1990', 78000, 7666)
INSERT INTO SanVanDong(MaSan, TenSan, DoiBongSoHuu, NgayKhanhThanh, SucChua, KichThuoc)	VALUES	('SVD0009', N'Sân Vinh', 'DB00009', '03-17-1980',85000 ,8120 )
INSERT INTO SanVanDong(MaSan, TenSan, DoiBongSoHuu, NgayKhanhThanh, SucChua, KichThuoc)	VALUES	('SVD0015', N'Sân Test15', NULL, '03-17-1980',85000 ,8120 )
INSERT INTO SanVanDong(MaSan, TenSan, DoiBongSoHuu, NgayKhanhThanh, SucChua, KichThuoc)	VALUES	('SVD0016', N'Sân Test16', NULL, '03-17-1980',85000 ,8120 )


-- HỒ SƠ ĐỘI BÓNG (ĐỘI TRƯỞNG + SÂN VẬN ĐỘNG + HLV)
UPDATE HoSoDoiBong	SET	DoiTruong = 1   , SanVanDong = 'SVD0001' ,  HuanLuyenVien ='C000001' WHERE	MaDoi = 'DB00001'
UPDATE HoSoDoiBong	SET	DoiTruong = 25  , SanVanDong = 'SVD0002'	 ,HuanLuyenVien ='C000002' WHERE	MaDoi = 'DB00002'
UPDATE HoSoDoiBong	SET	DoiTruong =  49 , SanVanDong = 'SVD0003'	, HuanLuyenVien ='C000003' WHERE	MaDoi = 'DB00003'
UPDATE HoSoDoiBong	SET	DoiTruong =  67, SanVanDong = 'SVD0012'	 , HuanLuyenVien ='C000004' WHERE	MaDoi = 'DB00012'
UPDATE HoSoDoiBong	SET	DoiTruong =  89, SanVanDong = 'SVD0005'	 , HuanLuyenVien ='C000005' WHERE	MaDoi = 'DB00005'
UPDATE HoSoDoiBong	SET	DoiTruong =   111, SanVanDong = 'SVD0006'	,HuanLuyenVien ='C000006' WHERE	MaDoi = 'DB00006'
UPDATE HoSoDoiBong	SET	DoiTruong =  138, SanVanDong = 'SVD0007'	,HuanLuyenVien ='C000007' WHERE	MaDoi = 'DB00007'
UPDATE HoSoDoiBong	SET	DoiTruong =  155, SanVanDong = 'SVD0008'	, HuanLuyenVien ='C000008' WHERE	MaDoi = 'DB00008'
UPDATE HoSoDoiBong	SET	DoiTruong =  177, SanVanDong = 'SVD0009'	,HuanLuyenVien ='C000009' WHERE	MaDoi = 'DB00009'
UPDATE HoSoDoiBong	SET	DoiTruong =  199, SanVanDong = 'SVD0010'	,HuanLuyenVien ='C000010' WHERE	MaDoi = 'DB00010'
UPDATE HoSoDoiBong	SET	DoiTruong =  222, SanVanDong = 'SVD0014'	,HuanLuyenVien ='C000011' WHERE	MaDoi = 'DB00014'
UPDATE HoSoDoiBong	SET	DoiTruong =   243, SanVanDong = 'SVD0011'	,HuanLuyenVien ='C000012' WHERE	MaDoi = 'DB00011'
UPDATE HoSoDoiBong	SET	DoiTruong =  265, SanVanDong = 'SVD0004'	,HuanLuyenVien ='C000013' WHERE	MaDoi = 'DB00004'
UPDATE HoSoDoiBong	SET	DoiTruong =  305, SanVanDong = 'SVD0013'	,HuanLuyenVien ='C000014' WHERE	MaDoi = 'DB00013'

--29/12: Update Lịch thi đấu
-- LỊCH THI ĐẤU
--Vòng 1
INSERT INTO LichThiDau(MaTranDau, VongDau, DoiNha, DoiKhach, Ngay, Gio, San, TrongTai)	VALUES	('T101', 1, 'DB00012', 'DB00013', '01/08/2016', '17:00:00', 'SVD0012', 'TT00001')
INSERT INTO LichThiDau(MaTranDau, VongDau, DoiNha, DoiKhach, Ngay, Gio, San, TrongTai)	VALUES	('T102', 1, 'DB00009', 'DB00010', '01/08/2016', '17:00:00', 'SVD0009', 'TT00002')
INSERT INTO LichThiDau(MaTranDau, VongDau, DoiNha, DoiKhach, Ngay, Gio, San, TrongTai)	VALUES	('T103', 1, 'DB00005', 'DB00006', '01/08/2016', '17:00:00', 'SVD0005', 'TT00003')
INSERT INTO LichThiDau(MaTranDau, VongDau, DoiNha, DoiKhach, Ngay, Gio, San, TrongTai)	VALUES	('T104', 1, 'DB00001', 'DB00002', '01/08/2016', '17:00:00', 'SVD0001', 'TT00004')
INSERT INTO LichThiDau(MaTranDau, VongDau, DoiNha, DoiKhach, Ngay, Gio, San, TrongTai)	VALUES	('T105', 1, 'DB00003', 'DB00004', '01/08/2016', '17:00:00', 'SVD0003', 'TT00006')
INSERT INTO LichThiDau(MaTranDau, VongDau, DoiNha, DoiKhach, Ngay, Gio, San, TrongTai)	VALUES	('T106', 1, 'DB00014', 'DB00011', '01/08/2016', '17:00:00', 'SVD0014', 'TT00007')
INSERT INTO LichThiDau(MaTranDau, VongDau, DoiNha, DoiKhach, Ngay, Gio, San, TrongTai)	VALUES	('T107', 1, 'DB00007', 'DB00008', '01/08/2016', '17:00:00', 'SVD0007', 'TT00008')
--Vòng 2
INSERT INTO LichThiDau(MaTranDau, VongDau, DoiNha, DoiKhach, Ngay, Gio, San, TrongTai)	VALUES	('T201', 2, 'DB00006', 'DB00007', '01/09/2016', '17:00:00', 'SVD0006', 'TT00001')
INSERT INTO LichThiDau(MaTranDau, VongDau, DoiNha, DoiKhach, Ngay, Gio, San, TrongTai)	VALUES	('T202', 2, 'DB00004', 'DB00001', '01/09/2016', '17:00:00', 'SVD0004', 'TT00002')
INSERT INTO LichThiDau(MaTranDau, VongDau, DoiNha, DoiKhach, Ngay, Gio, San, TrongTai)	VALUES	('T203', 2, 'DB00010', 'DB00012', '01/09/2016', '17:00:00', 'SVD0010', 'TT00003')
INSERT INTO LichThiDau(MaTranDau, VongDau, DoiNha, DoiKhach, Ngay, Gio, San, TrongTai)	VALUES	('T204', 2, 'DB00002', 'DB00003', '01/09/2016', '17:00:00', 'SVD0002', 'TT00004')
INSERT INTO LichThiDau(MaTranDau, VongDau, DoiNha, DoiKhach, Ngay, Gio, San, TrongTai)	VALUES	('T205', 2, 'DB00008', 'DB00014', '01/09/2016', '17:00:00', 'SVD0008', 'TT00010')
INSERT INTO LichThiDau(MaTranDau, VongDau, DoiNha, DoiKhach, Ngay, Gio, San, TrongTai)	VALUES	('T206', 2, 'DB00011', 'DB00005', '01/09/2016', '17:00:00', 'SVD0011', 'TT00007')
INSERT INTO LichThiDau(MaTranDau, VongDau, DoiNha, DoiKhach, Ngay, Gio, San, TrongTai)	VALUES	('T207', 2, 'DB00013', 'DB00009', '01/09/2016', '17:00:00', 'SVD0013', 'TT00009')
--Vòng 3
INSERT INTO LichThiDau(MaTranDau, VongDau, DoiNha, DoiKhach, Ngay, Gio, San, TrongTai)	VALUES	('T301',3, 'DB00002','DB00005','01/17/2016','16:00:00','SVD0005','TT00001')
INSERT INTO LichThiDau(MaTranDau, VongDau, DoiNha, DoiKhach, Ngay, Gio, San, TrongTai)	VALUES	('T302',3,'DB00008','DB00009','01/17/2016','17:00:00','SVD0008','TT00002')
INSERT INTO LichThiDau(MaTranDau, VongDau, DoiNha, DoiKhach, Ngay, Gio, San, TrongTai)	VALUES	('T303',3,'DB00011','DB00010','01/17/2016','17:00:00','SVD0011','TT00003')
INSERT INTO LichThiDau(MaTranDau, VongDau, DoiNha, DoiKhach, Ngay, Gio, San, TrongTai)	VALUES	('T304',3,'DB00001','DB00013','01/17/2016','17:00:00','SVD0001','TT00004')
INSERT INTO LichThiDau(MaTranDau, VongDau, DoiNha, DoiKhach, Ngay, Gio, San, TrongTai)	VALUES	('T305',3,'DB00003','DB00006','01/18/2016','16:00:00','SVD0003','TT00005')
INSERT INTO LichThiDau(MaTranDau, VongDau, DoiNha, DoiKhach, Ngay, Gio, San, TrongTai)	VALUES	('T306',3,'DB00014','DB00012','01/18/2016','17:00:00','SVD0014','TT00006')
INSERT INTO LichThiDau(MaTranDau, VongDau, DoiNha, DoiKhach, Ngay, Gio, San, TrongTai)	VALUES	('T307',3,'DB00007','DB00004','01/18/2016','17:00:00','SVD0007','TT00007')
--Vòng 4
INSERT INTO LichThiDau(MaTranDau, VongDau, DoiNha, DoiKhach, Ngay, Gio, San, TrongTai)	VALUES	('T401',4, 'DB00006','DB00002','01/24/2016','16:00:00','SVD0006','TT00001')
INSERT INTO LichThiDau(MaTranDau, VongDau, DoiNha, DoiKhach, Ngay, Gio, San, TrongTai)	VALUES	('T402',4,'DB00004','DB00008','01/24/2016','17:00:00','SVD0004','TT00002')
INSERT INTO LichThiDau(MaTranDau, VongDau, DoiNha, DoiKhach, Ngay, Gio, San, TrongTai)	VALUES	('T403',4,'DB00013','DB00007','01/24/2016','17:00:00','SVD0013','TT00003')
INSERT INTO LichThiDau(MaTranDau, VongDau, DoiNha, DoiKhach, Ngay, Gio, San, TrongTai)	VALUES	('T404',4,'DB00005','DB00003','01/25/2016','17:00:00','SVD0005','TT00004')
INSERT INTO LichThiDau(MaTranDau, VongDau, DoiNha, DoiKhach, Ngay, Gio, San, TrongTai)	VALUES	('T405',4,'DB00012','DB00011','01/25/2016','16:00:00','SVD0012','TT00005')
INSERT INTO LichThiDau(MaTranDau, VongDau, DoiNha, DoiKhach, Ngay, Gio, San, TrongTai)	VALUES	('T406',4,'DB00009','DB00001','01/25/2016','17:00:00','SVD0009','TT00006')
INSERT INTO LichThiDau(MaTranDau, VongDau, DoiNha, DoiKhach, Ngay, Gio, San, TrongTai)	VALUES	('T407',4,'DB00010','DB00014','01/25/2016','17:00:00','SVD0010','TT00007')
--Vòng 5
INSERT INTO LichThiDau(MaTranDau, VongDau, DoiNha, DoiKhach, Ngay, Gio, San, TrongTai)	VALUES	('T501',5, 'DB00012','DB00007','02/01/2016','16:00:00','SVD0012','TT00001')
INSERT INTO LichThiDau(MaTranDau, VongDau, DoiNha, DoiKhach, Ngay, Gio, San, TrongTai)	VALUES	('T502',5,'DB00011','DB00009','02/01/2016','17:00:00','SVD0011','TT00002')
INSERT INTO LichThiDau(MaTranDau, VongDau, DoiNha, DoiKhach, Ngay, Gio, San, TrongTai)	VALUES	('T503',5,'DB00008','DB00002','02/01/2016','17:00:00','SVD0008','TT00003')
INSERT INTO LichThiDau(MaTranDau, VongDau, DoiNha, DoiKhach, Ngay, Gio, San, TrongTai)	VALUES	('T504',5,'DB00010','DB00003','02/01/2016','17:00:00','SVD0010','TT00004')
INSERT INTO LichThiDau(MaTranDau, VongDau, DoiNha, DoiKhach, Ngay, Gio, San, TrongTai)	VALUES	('T505',5,'DB00004','DB00005','02/02/2016','16:00:00','SVD0004','TT00005')
INSERT INTO LichThiDau(MaTranDau, VongDau, DoiNha, DoiKhach, Ngay, Gio, San, TrongTai)	VALUES	('T506',5,'DB00014','DB00013','02/02/2016','17:00:00','SVD0014','TT00006')
INSERT INTO LichThiDau(MaTranDau, VongDau, DoiNha, DoiKhach, Ngay, Gio, San, TrongTai)	VALUES	('T507',5,'DB00001','DB00006','02/02/2016','17:00:00','SVD0001','TT00007')
--Vòng 6
INSERT INTO LichThiDau(MaTranDau, VongDau, DoiNha, DoiKhach, Ngay, Gio, San, TrongTai)	VALUES	('T601',6, 'DB00002','DB00004','02/08/2016','16:00:00','SVD0002','TT00001')
INSERT INTO LichThiDau(MaTranDau, VongDau, DoiNha, DoiKhach, Ngay, Gio, San, TrongTai)	VALUES	('T602',6,'DB00007','DB00005','02/08/2016','17:00:00','SVD0007','TT00002')
INSERT INTO LichThiDau(MaTranDau, VongDau, DoiNha, DoiKhach, Ngay, Gio, San, TrongTai)	VALUES	('T603',6,'DB00003','DB00001','02/08/2016','17:00:00','SVD0003','TT00003')
INSERT INTO LichThiDau(MaTranDau, VongDau, DoiNha, DoiKhach, Ngay, Gio, San, TrongTai)	VALUES	('T604',6,'DB00013','DB00010','02/08/2016','17:00:00','SVD0013','TT00004')
INSERT INTO LichThiDau(MaTranDau, VongDau, DoiNha, DoiKhach, Ngay, Gio, San, TrongTai)	VALUES	('T605',6,'DB00009','DB00012','02/09/2016','16:00:00','SVD0009','TT00005')
INSERT INTO LichThiDau(MaTranDau, VongDau, DoiNha, DoiKhach, Ngay, Gio, San, TrongTai)	VALUES	('T606',6,'DB00014','DB00006','02/09/2016','17:00:00','SVD0014','TT00006')
INSERT INTO LichThiDau(MaTranDau, VongDau, DoiNha, DoiKhach, Ngay, Gio, San, TrongTai)	VALUES	('T607',6,'DB00011','DB00008','02/09/2016','17:00:00','SVD0011','TT00007')
--Vòng 7
INSERT INTO LichThiDau(MaTranDau, VongDau, DoiNha, DoiKhach, Ngay, Gio, San, TrongTai)	VALUES	('T701',7, 'DB00009','DB00007','02/15/2016','17:00:00','SVD0009','TT00001')
INSERT INTO LichThiDau(MaTranDau, VongDau, DoiNha, DoiKhach, Ngay, Gio, San, TrongTai)	VALUES	('T702',7,'DB00002','DB00011','02/15/2016','17:00:00','SVD0002','TT00002')
INSERT INTO LichThiDau(MaTranDau, VongDau, DoiNha, DoiKhach, Ngay, Gio, San, TrongTai)	VALUES	('T703',7,'DB00003','DB00014','02/15/2016','17:00:00','SVD0003','TT00003')
INSERT INTO LichThiDau(MaTranDau, VongDau, DoiNha, DoiKhach, Ngay, Gio, San, TrongTai)	VALUES	('T704',7,'DB00005','DB00010','02/16/2016','17:00:00','SVD0005','TT00004')
INSERT INTO LichThiDau(MaTranDau, VongDau, DoiNha, DoiKhach, Ngay, Gio, San, TrongTai)	VALUES	('T705',7,'DB00006','DB00012','02/16/2016','16:00:00','SVD0006','TT00005')
INSERT INTO LichThiDau(MaTranDau, VongDau, DoiNha, DoiKhach, Ngay, Gio, San, TrongTai)	VALUES	('T706',7,'DB00013','DB00004','02/16/2016','17:00:00','SVD0013','TT00006')
INSERT INTO LichThiDau(MaTranDau, VongDau, DoiNha, DoiKhach, Ngay, Gio, San, TrongTai)	VALUES	('T707',7,'DB00008','DB00001','02/16/2016','17:00:00','SVD0008','TT00007')
--Vòng 8
INSERT INTO LichThiDau(MaTranDau, VongDau, DoiNha, DoiKhach, Ngay, Gio, San, TrongTai)	VALUES	('T801',8, 'DB00004','DB00009','02/15/2016','17:00:00','SVD0004','TT00001')
INSERT INTO LichThiDau(MaTranDau, VongDau, DoiNha, DoiKhach, Ngay, Gio, San, TrongTai)	VALUES	('T802',8,'DB00010','DB00006','02/15/2016','17:00:00','SVD0010','TT00002')
INSERT INTO LichThiDau(MaTranDau, VongDau, DoiNha, DoiKhach, Ngay, Gio, San, TrongTai)	VALUES	('T803',8,'DB00008','DB00013','02/15/2016','17:00:00','SVD0008','TT00003')
INSERT INTO LichThiDau(MaTranDau, VongDau, DoiNha, DoiKhach, Ngay, Gio, San, TrongTai)	VALUES	('T804',8,'DB00012','DB00005','02/16/2016','16:00:00','SVD0012','TT00004')
INSERT INTO LichThiDau(MaTranDau, VongDau, DoiNha, DoiKhach, Ngay, Gio, San, TrongTai)	VALUES	('T805',8,'DB00011','DB00003','02/16/2016','16:00:00','SVD0011','TT00005')
INSERT INTO LichThiDau(MaTranDau, VongDau, DoiNha, DoiKhach, Ngay, Gio, San, TrongTai)	VALUES	('T806',8,'DB00014','DB00002','02/16/2016','17:00:00','SVD0014','TT00006')
INSERT INTO LichThiDau(MaTranDau, VongDau, DoiNha, DoiKhach, Ngay, Gio, San, TrongTai)	VALUES	('T807',8,'DB00001','DB00007','02/17/2016','17:00:00','SVD0001','TT00007')
--Vòng 9
INSERT INTO LichThiDau(MaTranDau, VongDau, DoiNha, DoiKhach, Ngay, Gio, San, TrongTai)	VALUES	('T901',9, 'DB00003','DB00008','02/22/2016','16:00:00','SVD0003','TT00001')
INSERT INTO LichThiDau(MaTranDau, VongDau, DoiNha, DoiKhach, Ngay, Gio, San, TrongTai)	VALUES	('T902',9,'DB00005','DB00001','02/22/2016','17:00:00','SVD0005','TT00002')
INSERT INTO LichThiDau(MaTranDau, VongDau, DoiNha, DoiKhach, Ngay, Gio, San, TrongTai)	VALUES	('T903',9,'DB00013','DB00011','02/22/2016','17:00:00','SVD0013','TT00003')
INSERT INTO LichThiDau(MaTranDau, VongDau, DoiNha, DoiKhach, Ngay, Gio, San, TrongTai)	VALUES	('T904',9,'DB00007','DB00010','02/23/2016','17:00:00','SVD0007','TT00004')
INSERT INTO LichThiDau(MaTranDau, VongDau, DoiNha, DoiKhach, Ngay, Gio, San, TrongTai)	VALUES	('T905',9,'DB00002','DB00012','02/23/2016','16:00:00','SVD0002','TT00005')
INSERT INTO LichThiDau(MaTranDau, VongDau, DoiNha, DoiKhach, Ngay, Gio, San, TrongTai)	VALUES	('T906',9,'DB00009','DB00014','02/23/2016','17:00:00','SVD0009','TT00006')
INSERT INTO LichThiDau(MaTranDau, VongDau, DoiNha, DoiKhach, Ngay, Gio, San, TrongTai)	VALUES	('T907',9,'DB00006','DB00004','02/23/2016','17:00:00','SVD0006','TT00007')
--Vòng 10
INSERT INTO LichThiDau(MaTranDau, VongDau, DoiNha, DoiKhach, Ngay, Gio, San, TrongTai)	VALUES	('T1001',10, 'DB00012','DB00001','02/29/2016','16:00:00','SVD0012','TT00001')
INSERT INTO LichThiDau(MaTranDau, VongDau, DoiNha, DoiKhach, Ngay, Gio, San, TrongTai)	VALUES	('T1002',10,'DB00011','DB00007','02/29/2016','17:00:00','SVD0011','TT00002')
INSERT INTO LichThiDau(MaTranDau, VongDau, DoiNha, DoiKhach, Ngay, Gio, San, TrongTai)	VALUES	('T1003',10,'DB00003','DB00013','02/29/2016','17:00:00','SVD0003','TT00003')
INSERT INTO LichThiDau(MaTranDau, VongDau, DoiNha, DoiKhach, Ngay, Gio, San, TrongTai)	VALUES	('T1004',10,'DB00008','DB00006','02/29/2016','17:00:00','SVD0008','TT00004')
INSERT INTO LichThiDau(MaTranDau, VongDau, DoiNha, DoiKhach, Ngay, Gio, San, TrongTai)	VALUES	('T1005',10,'DB00014','DB00005','03/01/2016','16:00:00','SVD0014','TT00005')
INSERT INTO LichThiDau(MaTranDau, VongDau, DoiNha, DoiKhach, Ngay, Gio, San, TrongTai)	VALUES	('T1006',10,'DB00002','DB00009','03/01/2016','17:00:00','SVD0002','TT00006')
INSERT INTO LichThiDau(MaTranDau, VongDau, DoiNha, DoiKhach, Ngay, Gio, San, TrongTai)	VALUES	('T1007',10,'DB00010','DB00004','03/01/2016','17:00:00','SVD0010','TT00007')
--Vòng 11
INSERT INTO LichThiDau(MaTranDau, VongDau, DoiNha, DoiKhach, Ngay, Gio, San, TrongTai)	VALUES	('T1101',11, 'DB00013','DB00002','03/06/2016','16:00:00','SVD0013','TT00001')
INSERT INTO LichThiDau(MaTranDau, VongDau, DoiNha, DoiKhach, Ngay, Gio, San, TrongTai)	VALUES	('T1102',11,'DB00006','DB00011','03/06/2016','17:00:00','SVD0006','TT00002')
INSERT INTO LichThiDau(MaTranDau, VongDau, DoiNha, DoiKhach, Ngay, Gio, San, TrongTai)	VALUES	('T1103',11,'DB00009','DB00003','03/06/2016','17:00:00','SVD0009','TT00003')
INSERT INTO LichThiDau(MaTranDau, VongDau, DoiNha, DoiKhach, Ngay, Gio, San, TrongTai)	VALUES	('T1104',11,'DB00007','DB00014','03/07/2016','17:00:00','SVD0007','TT00004')
INSERT INTO LichThiDau(MaTranDau, VongDau, DoiNha, DoiKhach, Ngay, Gio, San, TrongTai)	VALUES	('T1105',11,'DB00004','DB00012','03/07/2016','16:00:00','SVD0004','TT00005')
INSERT INTO LichThiDau(MaTranDau, VongDau, DoiNha, DoiKhach, Ngay, Gio, San, TrongTai)	VALUES	('T1106',11,'DB00005','DB00008','03/07/2016','17:00:00','SVD0005','TT00006')
INSERT INTO LichThiDau(MaTranDau, VongDau, DoiNha, DoiKhach, Ngay, Gio, San, TrongTai)	VALUES	('T1107',11,'DB00001','DB00010','03/07/2016','17:00:00','SVD0001','TT00007')
--Vòng 12
INSERT INTO LichThiDau(MaTranDau, VongDau, DoiNha, DoiKhach, Ngay, Gio, San, TrongTai)	VALUES	('T1201',12, 'DB00013','DB00002','03/06/2016','16:00:00','SVD0013','TT00001')
INSERT INTO LichThiDau(MaTranDau, VongDau, DoiNha, DoiKhach, Ngay, Gio, San, TrongTai)	VALUES	('T1202',12,'DB00006','DB00011','03/06/2016','17:00:00','SVD0006','TT00002')
INSERT INTO LichThiDau(MaTranDau, VongDau, DoiNha, DoiKhach, Ngay, Gio, San, TrongTai)	VALUES	('T1203',12,'DB00009','DB00003','03/06/2016','17:00:00','SVD0009','TT00003')
INSERT INTO LichThiDau(MaTranDau, VongDau, DoiNha, DoiKhach, Ngay, Gio, San, TrongTai)	VALUES	('T1204',12,'DB00007','DB00014','03/07/2016','17:00:00','SVD0007','TT00004')
INSERT INTO LichThiDau(MaTranDau, VongDau, DoiNha, DoiKhach, Ngay, Gio, San, TrongTai)	VALUES	('T1205',12,'DB00004','DB00012','03/07/2016','16:00:00','SVD0004','TT00005')
INSERT INTO LichThiDau(MaTranDau, VongDau, DoiNha, DoiKhach, Ngay, Gio, San, TrongTai)	VALUES	('T1206',12,'DB00005','DB00008','03/07/2016','17:00:00','SVD0005','TT00006')
INSERT INTO LichThiDau(MaTranDau, VongDau, DoiNha, DoiKhach, Ngay, Gio, San, TrongTai)	VALUES	('T1207',12,'DB00001','DB00010','03/07/2016','17:00:00','SVD0001','TT00007')
--Vòng 13
INSERT INTO LichThiDau(MaTranDau, VongDau, DoiNha, DoiKhach, Ngay, Gio, San, TrongTai)	VALUES	('T1301',13, 'DB00004','DB00011','03/13/2016','16:00:00','SVD0004','TT00009')
INSERT INTO LichThiDau(MaTranDau, VongDau, DoiNha, DoiKhach, Ngay, Gio, San, TrongTai)	VALUES	('T1302',13,'DB00012','DB00008','03/13/2016','16:00:00','SVD0012','TT00002')
INSERT INTO LichThiDau(MaTranDau, VongDau, DoiNha, DoiKhach, Ngay, Gio, San, TrongTai)	VALUES	('T1303',13,'DB00005','DB00013','03/13/2016','16:00:00','SVD0005','TT00003')
INSERT INTO LichThiDau(MaTranDau, VongDau, DoiNha, DoiKhach, Ngay, Gio, San, TrongTai)	VALUES	('T1304',13,'DB00007','DB00003','03/14/2016','17:00:00','SVD0007','TT00008')
INSERT INTO LichThiDau(MaTranDau, VongDau, DoiNha, DoiKhach, Ngay, Gio, San, TrongTai)	VALUES	('T1305',13,'DB00010','DB00002','03/14/2016','16:00:00','SVD0010','TT00005')
INSERT INTO LichThiDau(MaTranDau, VongDau, DoiNha, DoiKhach, Ngay, Gio, San, TrongTai)	VALUES	('T1306',13,'DB00001','DB00014','03/14/2016','17:00:00','SVD0001','TT00006')
INSERT INTO LichThiDau(MaTranDau, VongDau, DoiNha, DoiKhach, Ngay, Gio, San, TrongTai)	VALUES	('T1307',13,'DB00006','DB00009','03/14/2016','17:00:00','SVD0006','TT00007')
-- LOẠI BÀN THẮNG
INSERT INTO LoaiBanThang(MaLoai, TenLoai)	VALUES	('LBT0001', N'TRỰC TIẾP')
INSERT INTO LoaiBanThang(MaLoai, TenLoai)	VALUES	('LBT0002', N'GIÁN TIẾP')
INSERT INTO LoaiBanThang(MaLoai, TenLoai)	VALUES	('LBT0003', N'PENALTY')
INSERT INTO LoaiBanThang(MaLoai, TenLoai)	VALUES	('LBT0004', N'PHẢN LƯỚI NHÀ')

-- DANH SÁCH BÀN THẮNG
--Vòng 1
-- (BD: 1-22,  DThap: 23-44, CT: 45-66, TH:67-88  DN:89 - 110 QN:111-132 HN: 133-154 LA: 155-176 DB00009: 177-198 HP: 199-220 DB00014:221-242 KH:243-264 QNAM: 265-286 DaNang:287-308
INSERT INTO [dbo].[DanhSachBanThang] ([MaBanThang], [CauThuGhiBan], [LoaiBanThang], [DoiBong], [TranDau], [ThoiDiem]) VALUES (N'BT00001', 93, 'LBT0001', N'DB00013  ', N'T101   ', 30)
INSERT INTO [dbo].[DanhSachBanThang] ([MaBanThang], [CauThuGhiBan], [LoaiBanThang], [DoiBong], [TranDau], [ThoiDiem]) VALUES (N'BT00002', 47, 'LBT0002', N'DB00003  ', N'T105   ', 55)
INSERT INTO [dbo].[DanhSachBanThang] ([MaBanThang], [CauThuGhiBan], [LoaiBanThang], [DoiBong], [TranDau], [ThoiDiem]) VALUES (N'BT00003', 224, 'LBT0001', N'DB00004  ', N'T105   ', 66)
INSERT INTO [dbo].[DanhSachBanThang] ([MaBanThang], [CauThuGhiBan], [LoaiBanThang], [DoiBong], [TranDau], [ThoiDiem]) VALUES (N'BT00004', 226, 'LBT0001', N'DB00014  ', N'T106   ', 11)
INSERT INTO [dbo].[DanhSachBanThang] ([MaBanThang], [CauThuGhiBan], [LoaiBanThang], [DoiBong], [TranDau], [ThoiDiem]) VALUES (N'BT00005', 226, 'LBT0001', N'DB00014  ', N'T106   ', 15)
INSERT INTO [dbo].[DanhSachBanThang] ([MaBanThang], [CauThuGhiBan], [LoaiBanThang], [DoiBong], [TranDau], [ThoiDiem]) VALUES (N'BT00006', 246, 'LBT0001', N'DB00011  ', N'T106   ', 35)
INSERT INTO [dbo].[DanhSachBanThang] ([MaBanThang], [CauThuGhiBan], [LoaiBanThang], [DoiBong], [TranDau], [ThoiDiem]) VALUES (N'BT00007', 248, 'LBT0001', N'DB00011  ', N'T106   ', 90)
INSERT INTO [dbo].[DanhSachBanThang] ([MaBanThang], [CauThuGhiBan], [LoaiBanThang], [DoiBong], [TranDau], [ThoiDiem]) VALUES (N'BT00008', 141, 'LBT0001', N'DB00007  ', N'T107   ', 26)
INSERT INTO [dbo].[DanhSachBanThang] ([MaBanThang], [CauThuGhiBan], [LoaiBanThang], [DoiBong], [TranDau], [ThoiDiem]) VALUES (N'BT00009', 159, 'LBT0001', N'DB00008  ', N'T107   ', 59)
INSERT INTO [dbo].[DanhSachBanThang] ([MaBanThang], [CauThuGhiBan], [LoaiBanThang], [DoiBong], [TranDau], [ThoiDiem]) VALUES (N'BT00010', 136, 'LBT0001', N'DB00007  ', N'T201   ', 32)
INSERT INTO [dbo].[DanhSachBanThang] ([MaBanThang], [CauThuGhiBan], [LoaiBanThang], [DoiBong], [TranDau], [ThoiDiem]) VALUES (N'BT00011', 114, 'LBT0001', N'DB00006  ', N'T201   ', 80)
INSERT INTO [dbo].[DanhSachBanThang] ([MaBanThang], [CauThuGhiBan], [LoaiBanThang], [DoiBong], [TranDau], [ThoiDiem]) VALUES (N'BT00012', 94, 'LBT0001', N'DB00013  ', N'T101   ', 51)
INSERT INTO [dbo].[DanhSachBanThang] ([MaBanThang], [CauThuGhiBan], [LoaiBanThang], [DoiBong], [TranDau], [ThoiDiem]) VALUES (N'BT00013', 3, 'LBT0001', N'DB00001  ', N'T202   ', 12)
INSERT INTO [dbo].[DanhSachBanThang] ([MaBanThang], [CauThuGhiBan], [LoaiBanThang], [DoiBong], [TranDau], [ThoiDiem]) VALUES (N'BT00014', 3, 'LBT0001', N'DB00001  ', N'T202   ', 49)
INSERT INTO [dbo].[DanhSachBanThang] ([MaBanThang], [CauThuGhiBan], [LoaiBanThang], [DoiBong], [TranDau], [ThoiDiem]) VALUES (N'BT00015', 69, 'LBT0001', N'DB00012  ', N'T203   ', 33)
INSERT INTO [dbo].[DanhSachBanThang] ([MaBanThang], [CauThuGhiBan], [LoaiBanThang], [DoiBong], [TranDau], [ThoiDiem]) VALUES (N'BT00016', 71, 'LBT0001', N'DB00012  ', N'T203   ', 35)
INSERT INTO [dbo].[DanhSachBanThang] ([MaBanThang], [CauThuGhiBan], [LoaiBanThang], [DoiBong], [TranDau], [ThoiDiem]) VALUES (N'BT00017', 25, 'LBT0001', N'DB00002  ', N'T204   ', 69)
INSERT INTO [dbo].[DanhSachBanThang] ([MaBanThang], [CauThuGhiBan], [LoaiBanThang], [DoiBong], [TranDau], [ThoiDiem]) VALUES (N'BT00018', 224, 'LBT0001', N'DB00014  ', N'T205   ', 92)
INSERT INTO [dbo].[DanhSachBanThang] ([MaBanThang], [CauThuGhiBan], [LoaiBanThang], [DoiBong], [TranDau], [ThoiDiem]) VALUES (N'BT00019', 92, 'LBT0001', N'DB00005  ', N'T206   ', 25)
INSERT INTO [dbo].[DanhSachBanThang] ([MaBanThang], [CauThuGhiBan], [LoaiBanThang], [DoiBong], [TranDau], [ThoiDiem]) VALUES (N'BT00020', 293, 'LBT0001', N'DB00013  ', N'T207   ', 30)
INSERT INTO [dbo].[DanhSachBanThang] ([MaBanThang], [CauThuGhiBan], [LoaiBanThang], [DoiBong], [TranDau], [ThoiDiem]) VALUES (N'BT00021', 179, 'LBT0001', N'DB00009  ', N'T102   ', 69)
INSERT INTO [dbo].[DanhSachBanThang] ([MaBanThang], [CauThuGhiBan], [LoaiBanThang], [DoiBong], [TranDau], [ThoiDiem]) VALUES (N'BT00022', 92, 'LBT0002', N'DB00006  ', N'T103   ', 33)
INSERT INTO [dbo].[DanhSachBanThang] ([MaBanThang], [CauThuGhiBan], [LoaiBanThang], [DoiBong], [TranDau], [ThoiDiem]) VALUES (N'BT00023', 96, 'LBT0003', N'DB00005  ', N'T103   ', 69)
INSERT INTO [dbo].[DanhSachBanThang] ([MaBanThang], [CauThuGhiBan], [LoaiBanThang], [DoiBong], [TranDau], [ThoiDiem]) VALUES (N'BT00024', 99, 'LBT0001', N'DB00005  ', N'T103   ', 78)
INSERT INTO [dbo].[DanhSachBanThang] ([MaBanThang], [CauThuGhiBan], [LoaiBanThang], [DoiBong], [TranDau], [ThoiDiem]) VALUES (N'BT00025', 3, 'LBT0001', N'DB00001  ', N'T104   ', 25)
INSERT INTO [dbo].[DanhSachBanThang] ([MaBanThang], [CauThuGhiBan], [LoaiBanThang], [DoiBong], [TranDau], [ThoiDiem]) VALUES (N'BT00026', 4, 'LBT0001', N'DB00001  ', N'T104   ', 36)

-- DANH SÁCH THẺ PHẠT
/*(BD: 1-22,  DThap: 23-44, CT: 45-66, TH:67-88  DN:89 - 110 QN:111-132 HN: 133-154 LA: 155-176 DB00009: 177-198 HP: 199-220 DB00014:221-242 KH:243-264 QNAM: 265-286 DaNang:287-308*/
INSERT INTO DanhSachThePhat(MaThePhat, LoaiThe, CauThu, TrongTai, ThoiDiem, TranDau)	VALUES	(1, 'T01',95 , 'TT00001',40 , 'T101')
INSERT INTO DanhSachThePhat(MaThePhat, LoaiThe, CauThu, TrongTai, ThoiDiem, TranDau)	VALUES	(2, 'T01',114, 'TT00001',88 , 'T103')
INSERT INTO DanhSachThePhat(MaThePhat, LoaiThe, CauThu, TrongTai, ThoiDiem, TranDau)	VALUES	(3, 'T01',119 , 'TT00002',136 , 'T201')
INSERT INTO DanhSachThePhat(MaThePhat, LoaiThe, CauThu, TrongTai, ThoiDiem, TranDau)	VALUES	(4, 'T01',131 , 'TT00003', 70, 'T1202')
INSERT INTO DanhSachThePhat(MaThePhat, LoaiThe, CauThu, TrongTai, ThoiDiem, TranDau)	VALUES	(5, 'T01',29 , 'TT00005', 26, 'T204')
INSERT INTO DanhSachThePhat(MaThePhat, LoaiThe, CauThu, TrongTai, ThoiDiem, TranDau)	VALUES	(6, 'T02', 293, 'TT00009', 295, 'T207')


-- TÌNH TRẠNG TRẬN ĐẤU
INSERT INTO TinhTrangTranDau(MaTinhTrang, TenTinhTrang)	VALUES	(1, N'Đã đá')
INSERT INTO TinhTrangTranDau(MaTinhTrang, TenTinhTrang) VALUES	(2, N'Chưa đá')
INSERT INTO TinhTrangTranDau(MaTinhTrang, TenTinhTrang)	VALUES	(3, N'Hoãn')
INSERT INTO TinhTrangTranDau(MaTinhTrang, TenTinhTrang)	VALUES	(4, N'Hủy')

-- KẾT QUẢ TRẬN ĐẤU
/*TH 0-2 DNang*/
/*DB00009 1-0 HP*/
/* DN 3 - 0 QN*/
/*BD 2-1 DT*/
/*CT 1-1 QNam*/
/*DB00014 2 - 2 KH*/
/*HaNoi 1 - 1 DTLA*/
--Vòng 1
INSERT INTO KetQuaTranDau(MaTranDau, TinhTrang, SoBanThangDoiNha, SoBanThangDoiKhach)	VALUES	('T101',1 ,0 ,2 )
INSERT INTO KetQuaTranDau(MaTranDau, TinhTrang, SoBanThangDoiNha, SoBanThangDoiKhach)	VALUES	('T102',1 ,1 ,0 )
INSERT INTO KetQuaTranDau(MaTranDau, TinhTrang, SoBanThangDoiNha, SoBanThangDoiKhach)	VALUES	('T103',1 ,3 ,0 )
INSERT INTO KetQuaTranDau(MaTranDau, TinhTrang, SoBanThangDoiNha, SoBanThangDoiKhach)	VALUES	('T104',1 ,2 ,1 )
INSERT INTO KetQuaTranDau(MaTranDau, TinhTrang, SoBanThangDoiNha, SoBanThangDoiKhach)	VALUES	('T105',1 ,1 ,1 )
INSERT INTO KetQuaTranDau(MaTranDau, TinhTrang, SoBanThangDoiNha, SoBanThangDoiKhach)	VALUES	('T106',1 ,2 ,2 )
INSERT INTO KetQuaTranDau(MaTranDau, TinhTrang, SoBanThangDoiNha, SoBanThangDoiKhach)	VALUES	('T107',1 ,1 ,1 )
--Vòng 2
INSERT INTO KetQuaTranDau(MaTranDau, TinhTrang, SoBanThangDoiNha, SoBanThangDoiKhach)	VALUES	('T201',1 ,1 ,1 )
INSERT INTO KetQuaTranDau(MaTranDau, TinhTrang, SoBanThangDoiNha, SoBanThangDoiKhach)	VALUES	('T202',1 ,0 ,2 )
INSERT INTO KetQuaTranDau(MaTranDau, TinhTrang, SoBanThangDoiNha, SoBanThangDoiKhach)	VALUES	('T203',1 ,0 ,2 )
INSERT INTO KetQuaTranDau(MaTranDau, TinhTrang, SoBanThangDoiNha, SoBanThangDoiKhach)	VALUES	('T204',1 ,1 ,0 )
INSERT INTO KetQuaTranDau(MaTranDau, TinhTrang, SoBanThangDoiNha, SoBanThangDoiKhach)	VALUES	('T205',1 ,0 ,1 )
INSERT INTO KetQuaTranDau(MaTranDau, TinhTrang, SoBanThangDoiNha, SoBanThangDoiKhach)	VALUES	('T206',1 ,0 ,1 )
INSERT INTO KetQuaTranDau(MaTranDau, TinhTrang, SoBanThangDoiNha, SoBanThangDoiKhach)	VALUES	('T207',1 ,1 ,0 )
--Vòng 3
INSERT INTO KetQuaTranDau(MaTranDau, TinhTrang, SoBanThangDoiNha, SoBanThangDoiKhach)	VALUES	('T301',1 ,3 ,2 )
INSERT INTO KetQuaTranDau(MaTranDau, TinhTrang, SoBanThangDoiNha, SoBanThangDoiKhach)	VALUES	('T302',1 ,2 ,0 )
INSERT INTO KetQuaTranDau(MaTranDau, TinhTrang, SoBanThangDoiNha, SoBanThangDoiKhach)	VALUES	('T303',1 ,2 ,4 )
INSERT INTO KetQuaTranDau(MaTranDau, TinhTrang, SoBanThangDoiNha, SoBanThangDoiKhach)	VALUES	('T304',1 ,1, 5 )
INSERT INTO KetQuaTranDau(MaTranDau, TinhTrang, SoBanThangDoiNha, SoBanThangDoiKhach)	VALUES	('T305',1 ,1, 9 )
INSERT INTO KetQuaTranDau(MaTranDau, TinhTrang, SoBanThangDoiNha, SoBanThangDoiKhach)	VALUES	('T306',1 ,3 ,2 )
INSERT INTO KetQuaTranDau(MaTranDau, TinhTrang, SoBanThangDoiNha, SoBanThangDoiKhach)	VALUES	('T307',1 ,4 ,1 )
--Vòng 4
INSERT INTO KetQuaTranDau(MaTranDau, TinhTrang, SoBanThangDoiNha, SoBanThangDoiKhach)	VALUES	('T401',2,-1,-1 )
INSERT INTO KetQuaTranDau(MaTranDau, TinhTrang, SoBanThangDoiNha, SoBanThangDoiKhach)	VALUES	('T402',2,-1,-1 )
INSERT INTO KetQuaTranDau(MaTranDau, TinhTrang, SoBanThangDoiNha, SoBanThangDoiKhach)	VALUES	('T403',2,-1,-1 )
INSERT INTO KetQuaTranDau(MaTranDau, TinhTrang, SoBanThangDoiNha, SoBanThangDoiKhach)	VALUES	('T404',2,-1,-1 )
INSERT INTO KetQuaTranDau(MaTranDau, TinhTrang, SoBanThangDoiNha, SoBanThangDoiKhach)	VALUES	('T405',2,-1,-1 )
INSERT INTO KetQuaTranDau(MaTranDau, TinhTrang, SoBanThangDoiNha, SoBanThangDoiKhach)	VALUES	('T406',2,-1,-1 )
INSERT INTO KetQuaTranDau(MaTranDau, TinhTrang, SoBanThangDoiNha, SoBanThangDoiKhach)	VALUES	('T407',2,-1,-1 )
--Vòng 5
INSERT INTO KetQuaTranDau(MaTranDau, TinhTrang, SoBanThangDoiNha, SoBanThangDoiKhach)	VALUES	('T501',2,-1,-1 )
INSERT INTO KetQuaTranDau(MaTranDau, TinhTrang, SoBanThangDoiNha, SoBanThangDoiKhach)	VALUES	('T502',2,-1,-1 )
INSERT INTO KetQuaTranDau(MaTranDau, TinhTrang, SoBanThangDoiNha, SoBanThangDoiKhach)	VALUES	('T503',2,-1,-1 )
INSERT INTO KetQuaTranDau(MaTranDau, TinhTrang, SoBanThangDoiNha, SoBanThangDoiKhach)	VALUES	('T504',2,-1,-1 )
INSERT INTO KetQuaTranDau(MaTranDau, TinhTrang, SoBanThangDoiNha, SoBanThangDoiKhach)	VALUES	('T505',2,-1,-1 )
INSERT INTO KetQuaTranDau(MaTranDau, TinhTrang, SoBanThangDoiNha, SoBanThangDoiKhach)	VALUES	('T506',2,-1,-1 )
INSERT INTO KetQuaTranDau(MaTranDau, TinhTrang, SoBanThangDoiNha, SoBanThangDoiKhach)	VALUES	('T507',2,-1,-1 )
--Vòng 6
INSERT INTO KetQuaTranDau(MaTranDau, TinhTrang, SoBanThangDoiNha, SoBanThangDoiKhach)	VALUES	('T601',2,-1,-1 )
INSERT INTO KetQuaTranDau(MaTranDau, TinhTrang, SoBanThangDoiNha, SoBanThangDoiKhach)	VALUES	('T602',2,-1,-1 )
INSERT INTO KetQuaTranDau(MaTranDau, TinhTrang, SoBanThangDoiNha, SoBanThangDoiKhach)	VALUES	('T603',2,-1,-1 )
INSERT INTO KetQuaTranDau(MaTranDau, TinhTrang, SoBanThangDoiNha, SoBanThangDoiKhach)	VALUES	('T604',2,-1,-1 )
INSERT INTO KetQuaTranDau(MaTranDau, TinhTrang, SoBanThangDoiNha, SoBanThangDoiKhach)	VALUES	('T605',2,-1,-1 )
INSERT INTO KetQuaTranDau(MaTranDau, TinhTrang, SoBanThangDoiNha, SoBanThangDoiKhach)	VALUES	('T606',2,-1,-1 )
INSERT INTO KetQuaTranDau(MaTranDau, TinhTrang, SoBanThangDoiNha, SoBanThangDoiKhach)	VALUES	('T607',2,-1,-1 )
--Vòng 7
INSERT INTO KetQuaTranDau(MaTranDau, TinhTrang, SoBanThangDoiNha, SoBanThangDoiKhach)	VALUES	('T701',2 ,-1,-1 )
INSERT INTO KetQuaTranDau(MaTranDau, TinhTrang, SoBanThangDoiNha, SoBanThangDoiKhach)	VALUES	('T702',2 ,-1,-1 )
INSERT INTO KetQuaTranDau(MaTranDau, TinhTrang, SoBanThangDoiNha, SoBanThangDoiKhach)	VALUES	('T703',2 ,-1,-1 )
INSERT INTO KetQuaTranDau(MaTranDau, TinhTrang, SoBanThangDoiNha, SoBanThangDoiKhach)	VALUES	('T704',2 ,-1,-1 )
INSERT INTO KetQuaTranDau(MaTranDau, TinhTrang, SoBanThangDoiNha, SoBanThangDoiKhach)	VALUES	('T705',2 ,-1,-1 )
INSERT INTO KetQuaTranDau(MaTranDau, TinhTrang, SoBanThangDoiNha, SoBanThangDoiKhach)	VALUES	('T706',2 ,-1,-1 )
INSERT INTO KetQuaTranDau(MaTranDau, TinhTrang, SoBanThangDoiNha, SoBanThangDoiKhach)	VALUES	('T707',2 ,-1,-1 )
--Vòng 8
INSERT INTO KetQuaTranDau(MaTranDau, TinhTrang, SoBanThangDoiNha, SoBanThangDoiKhach)	VALUES	('T801',2 ,-1,-1 )
INSERT INTO KetQuaTranDau(MaTranDau, TinhTrang, SoBanThangDoiNha, SoBanThangDoiKhach)	VALUES	('T802',2 ,-1,-1 )
INSERT INTO KetQuaTranDau(MaTranDau, TinhTrang, SoBanThangDoiNha, SoBanThangDoiKhach)	VALUES	('T803',2 ,-1,-1 )
INSERT INTO KetQuaTranDau(MaTranDau, TinhTrang, SoBanThangDoiNha, SoBanThangDoiKhach)	VALUES	('T804',2 ,-1,-1 )
INSERT INTO KetQuaTranDau(MaTranDau, TinhTrang, SoBanThangDoiNha, SoBanThangDoiKhach)	VALUES	('T805',2 ,-1,-1 )
INSERT INTO KetQuaTranDau(MaTranDau, TinhTrang, SoBanThangDoiNha, SoBanThangDoiKhach)	VALUES	('T806',2 ,-1,-1 )
INSERT INTO KetQuaTranDau(MaTranDau, TinhTrang, SoBanThangDoiNha, SoBanThangDoiKhach)	VALUES	('T807',2 ,-1,-1 )
--Vòng 9
INSERT INTO KetQuaTranDau(MaTranDau, TinhTrang, SoBanThangDoiNha, SoBanThangDoiKhach)	VALUES	('T901',2 ,-1,-1 )
INSERT INTO KetQuaTranDau(MaTranDau, TinhTrang, SoBanThangDoiNha, SoBanThangDoiKhach)	VALUES	('T902',2 ,-1,-1 )
INSERT INTO KetQuaTranDau(MaTranDau, TinhTrang, SoBanThangDoiNha, SoBanThangDoiKhach)	VALUES	('T903',2 ,-1,-1 )
INSERT INTO KetQuaTranDau(MaTranDau, TinhTrang, SoBanThangDoiNha, SoBanThangDoiKhach)	VALUES	('T904',2 ,-1,-1 )
INSERT INTO KetQuaTranDau(MaTranDau, TinhTrang, SoBanThangDoiNha, SoBanThangDoiKhach)	VALUES	('T905',2 ,-1,-1 )
INSERT INTO KetQuaTranDau(MaTranDau, TinhTrang, SoBanThangDoiNha, SoBanThangDoiKhach)	VALUES	('T906',2 ,-1,-1 )
INSERT INTO KetQuaTranDau(MaTranDau, TinhTrang, SoBanThangDoiNha, SoBanThangDoiKhach)	VALUES	('T907',2 ,-1,-1 )
--Vòng 10
INSERT INTO KetQuaTranDau(MaTranDau, TinhTrang, SoBanThangDoiNha, SoBanThangDoiKhach)	VALUES	('T1001',2 ,-1 ,-1 )
INSERT INTO KetQuaTranDau(MaTranDau, TinhTrang, SoBanThangDoiNha, SoBanThangDoiKhach)	VALUES	('T1002',2 ,-1 ,-1 )
INSERT INTO KetQuaTranDau(MaTranDau, TinhTrang, SoBanThangDoiNha, SoBanThangDoiKhach)	VALUES	('T1003',2 ,-1 ,-1 )
INSERT INTO KetQuaTranDau(MaTranDau, TinhTrang, SoBanThangDoiNha, SoBanThangDoiKhach)	VALUES	('T1004',2 ,-1 ,-1 )
INSERT INTO KetQuaTranDau(MaTranDau, TinhTrang, SoBanThangDoiNha, SoBanThangDoiKhach)	VALUES	('T1005',2 ,-1 ,-1 )
INSERT INTO KetQuaTranDau(MaTranDau, TinhTrang, SoBanThangDoiNha, SoBanThangDoiKhach)	VALUES	('T1006',2 ,-1 ,-1 )
INSERT INTO KetQuaTranDau(MaTranDau, TinhTrang, SoBanThangDoiNha, SoBanThangDoiKhach)	VALUES	('T1007',2 ,-1 ,-1 )
--Vòng 11
INSERT INTO KetQuaTranDau(MaTranDau, TinhTrang, SoBanThangDoiNha, SoBanThangDoiKhach)	VALUES	('T1101',2 ,-1 ,-1 )
INSERT INTO KetQuaTranDau(MaTranDau, TinhTrang, SoBanThangDoiNha, SoBanThangDoiKhach)	VALUES	('T1102',2 ,-1 ,-1 )
INSERT INTO KetQuaTranDau(MaTranDau, TinhTrang, SoBanThangDoiNha, SoBanThangDoiKhach)	VALUES	('T1103',2 ,-1 ,-1 )
INSERT INTO KetQuaTranDau(MaTranDau, TinhTrang, SoBanThangDoiNha, SoBanThangDoiKhach)	VALUES	('T1104',2 ,-1 ,-1 )
INSERT INTO KetQuaTranDau(MaTranDau, TinhTrang, SoBanThangDoiNha, SoBanThangDoiKhach)	VALUES	('T1105',2 ,-1 ,-1 )
INSERT INTO KetQuaTranDau(MaTranDau, TinhTrang, SoBanThangDoiNha, SoBanThangDoiKhach)	VALUES	('T1106',2 ,-1 ,-1 )
INSERT INTO KetQuaTranDau(MaTranDau, TinhTrang, SoBanThangDoiNha, SoBanThangDoiKhach)	VALUES	('T1107',2 ,-1 ,-1 )
--Vòng 12
INSERT INTO KetQuaTranDau(MaTranDau, TinhTrang, SoBanThangDoiNha, SoBanThangDoiKhach)	VALUES	('T1201',2 ,-1 ,-1 )
INSERT INTO KetQuaTranDau(MaTranDau, TinhTrang, SoBanThangDoiNha, SoBanThangDoiKhach)	VALUES	('T1202',2 ,-1 ,-1 )
INSERT INTO KetQuaTranDau(MaTranDau, TinhTrang, SoBanThangDoiNha, SoBanThangDoiKhach)	VALUES	('T1203',2 ,-1 ,-1 )
INSERT INTO KetQuaTranDau(MaTranDau, TinhTrang, SoBanThangDoiNha, SoBanThangDoiKhach)	VALUES	('T1204',2 ,-1 ,-1 )
INSERT INTO KetQuaTranDau(MaTranDau, TinhTrang, SoBanThangDoiNha, SoBanThangDoiKhach)	VALUES	('T1205',2 ,-1 ,-1 )
INSERT INTO KetQuaTranDau(MaTranDau, TinhTrang, SoBanThangDoiNha, SoBanThangDoiKhach)	VALUES	('T1206',2 ,-1 ,-1 )
INSERT INTO KetQuaTranDau(MaTranDau, TinhTrang, SoBanThangDoiNha, SoBanThangDoiKhach)	VALUES	('T1207',2 ,-1 ,-1 )
--Vòng 13
INSERT INTO KetQuaTranDau(MaTranDau, TinhTrang, SoBanThangDoiNha, SoBanThangDoiKhach)	VALUES	('T1301',2 ,-1 ,-1 )
INSERT INTO KetQuaTranDau(MaTranDau, TinhTrang, SoBanThangDoiNha, SoBanThangDoiKhach)	VALUES	('T1302',2 ,-1 ,-1 )
INSERT INTO KetQuaTranDau(MaTranDau, TinhTrang, SoBanThangDoiNha, SoBanThangDoiKhach)	VALUES	('T1303',2 ,-1 ,-1 )
INSERT INTO KetQuaTranDau(MaTranDau, TinhTrang, SoBanThangDoiNha, SoBanThangDoiKhach)	VALUES	('T1304',2 ,-1 ,-1 )
INSERT INTO KetQuaTranDau(MaTranDau, TinhTrang, SoBanThangDoiNha, SoBanThangDoiKhach)	VALUES	('T1305',2 ,-1 ,-1 )
INSERT INTO KetQuaTranDau(MaTranDau, TinhTrang, SoBanThangDoiNha, SoBanThangDoiKhach)	VALUES	('T1306',2 ,-1 ,-1 )
INSERT INTO KetQuaTranDau(MaTranDau, TinhTrang, SoBanThangDoiNha, SoBanThangDoiKhach)	VALUES	('T1307',2 ,-1 ,-1 )

-- 24 vòng sau TinhTrang = 2: VALUES(<MaTranDau>,2,-1,-1);

-- BẢNG XẾP HẠNG
/*-2 DNang*/
/*DB00009 1-0 HP*/
/* DN 3 - 0 QN*/
/*BD 2-1 DT*/
/*CT 1-1 QNam*/
/*DB00014 2 - 2 KH*/
/*HaNoi 1 - 1 DTLA*/   
--===
-- Không nhập BXH
/* QN 1-1 HNoi*/
/*QNam 0 - 2 BD*/
/*HP 0- */
/*DT 1 - 0 CT*/
/* DTLA 0 - 1 DB00014*/
/* KH 0 - 1 DN*/
/* DaNang 1 - 0 DB00009*/
--INSERT INTO BangXepHang(Hang, MaDoi, TenDoi, Thang, Hoa, Thua, HieuSo)	VALUES	(1, 'DB00001', N'Becamex Bình Dương', 2, 0,0 ,4 )
--INSERT INTO BangXepHang(Hang, MaDoi, TenDoi, Thang, Hoa, Thua, HieuSo)	VALUES	(2, 'DB00005', N'Đồng Nai', 2, 0,0 ,4 )
--INSERT INTO BangXepHang(Hang, MaDoi, TenDoi, Thang, Hoa, Thua, HieuSo)	VALUES	(3, 'DB00014', N'Hoàng Anh Gia Lai', 1, 1,0 ,1 )
--INSERT INTO BangXepHang(Hang, MaDoi, TenDoi, Thang, Hoa, Thua, HieuSo)	VALUES	(4, 'DB00013', N'SHB Đà Nẵng', 2,0,0 ,3 )
--INSERT INTO BangXepHang(Hang, MaDoi, TenDoi, Thang, Hoa, Thua, HieuSo)	VALUES	(5, 'DB00012', N'Thanh Hóa', 1,0, 1 ,0 )
--INSERT INTO BangXepHang(Hang, MaDoi, TenDoi, Thang, Hoa, Thua, HieuSo)	VALUES	(6, 'SVD0002', N'Đồng Tháp', 1, 0,1 ,0 )
--INSERT INTO BangXepHang(Hang, MaDoi, TenDoi, Thang, Hoa, Thua, HieuSo)	VALUES	(7, 'DB00009', N'Sông Lam Nghệ An', 1,0,1 ,0 )
--INSERT INTO BangXepHang(Hang, MaDoi, TenDoi, Thang, Hoa, Thua, HieuSo)	VALUES	(8, 'DB00007', N'Hà Nội T&T', 0, 2,0 ,2 )
--INSERT INTO BangXepHang(Hang, MaDoi, TenDoi, Thang, Hoa, Thua, HieuSo)	VALUES	(9, 'DB00003', N'Cần Thơ', 0, 1,1 ,-1 )
--INSERT INTO BangXepHang(Hang, MaDoi, TenDoi, Thang, Hoa, Thua, HieuSo)	VALUES	(10, 'DB00008', N'Đồng Tâm Long An', 0,1,1,-1 )
--INSERT INTO BangXepHang(Hang, MaDoi, TenDoi, Thang, Hoa, Thua, HieuSo)	VALUES	(11,'DB00011', N'Khánh Hòa', 0, 1,1 ,-1 )
--INSERT INTO BangXepHang(Hang, MaDoi, TenDoi, Thang, Hoa, Thua, HieuSo)	VALUES	(12, 'DB00004', N'QNK Quảng Nam', 0, 1,1 ,-2 )
--INSERT INTO BangXepHang(Hang, MaDoi, TenDoi, Thang, Hoa, Thua, HieuSo)	VALUES	(13, 'DB00006', N'Than Quảng Ninh', 0, 1,1 ,-3 )
--INSERT INTO BangXepHang(Hang, MaDoi, TenDoi, Thang, Hoa, Thua, HieuSo)	VALUES	(14, 'DB00010', N'Hải Phòng', 0,0,2 ,-3 )


--Loại Nhân Viên (30/12)
Insert Into LoaiNV(MaLoai,TenLoai) values (1,N'Admin')
Insert Into LoaiNV(MaLoai,TenLoai) values (2,N'Quản Lý')
Insert Into LoaiNV(MaLoai,TenLoai) values (3,N'Nhân Viên')
--Nhân Viên /*Update 28/12*/
INSERT INTO NhanVien(MaNV,HoTen,NgaySinh,GioiTinh,DienThoai,Email,DiaChi,CMND,Pass,LoaiNV) values(1,N'Hà Nguyễn Thái Học','05-21-1994',N'Nam','01218889162','thaihoc@gmail.com',N'Tây Ninh','291097823','1234567',1)
INSERT INTO NhanVien(MaNV,HoTen,NgaySinh,GioiTinh,DienThoai,Email,DiaChi,CMND,Pass,LoaiNV) values(2,N'Nguyễn Xuân Phúc','05-15-1994',N'Nam','0902745121','xuanphuc@gmail.com',N'Lào','291123623','1234567',2)
INSERT INTO NhanVien(MaNV,HoTen,NgaySinh,GioiTinh,DienThoai,Email,DiaChi,CMND,Pass,LoaiNV) values(3,N'Nguyễn Thái Hòa','09-12-1995',N'Nam','0902456121','thaihoa@gmail.com',N'CamPuChia','29165623','1234567',3)
INSERT INTO NhanVien(MaNV,HoTen,NgaySinh,GioiTinh,DienThoai,Email,DiaChi,CMND,Pass,LoaiNV) values(4,N'Ung Bửu Trí Hùng','09-12-1995',N'Nam','0902456121','trihung@gmail.com',N'CamPuChia','29165623','1234567',3)